patent_id,section,cpc_class,cpc_subclass
11000000,G,G01,G01A
11000001,Y,Y02,Y02A
11000002,E,E21,E21C
11000002,Y,Y02,Y02A
11000003,F,F02,F02B
11000004,F,F02,F02A
11000004,B,B33,B33B
11000005,E,E21,E21K
11000005,A,A01,A01C
11000006,Y,Y02,Y02N
11000007,G,G10,G10N
11000008,C,C07,C07K
11000009,D,D06,D06D
11000010,Y,Y10,Y10A
11000011,Y,Y10,Y10B
11000012,B,B29,B29B
11000012,D,D21,D21N
11000012,A,A01,A01A
11000013,H,H04,H04B
11000014,Y,Y10,Y10D
11000014,C,C12,C12B
11000014,B,B33,B33C
11000015,G,G06,G06K
11000016,C,C07,C07C
11000016,H,H04,H04N
11000016,G,G10,G10C
11000017,B,B29,B29A
11000018,H,H01,H01K
11000018,D,D06,D06D
11000018,Y,Y02,Y02A
11000019,E,E21,E21B
11000019,H,H02,H02K
11000020,A,A61,A61A
11000020,E,E02,E02D
11000021,F,F16,F16B
11000021,D,D21,D21B
11000022,A,A61,A61A
11000023,E,E02,E02K
11000024,Y,Y10,Y10D
11000024,E,E04,E04N
11000025,Y,Y02,Y02N
11000026,B,B33,B33N
11000026,Y,Y10,Y10A
11000026,C,C01,C01B
11000027,H,H04,H04C
11000028,Y,Y02,Y02D
11000029,C,C07,C07K
11000029,B,B33,B33B
11000030,D,D06,D06K
11000030,H,H04,H04D
11000030,B,B33,B33A
11000031,C,C12,C12C
11000032,C,C01,C01C
11000033,Y,Y02,Y02D
11000034,G,G10,G10K
11000035,C,C07,C07C
11000036,E,E21,E21C
11000036,D,D21,D21A
11000036,C,C12,C12K
11000037,B,B29,B29C
11000038,F,F03,F03N
11000039,H,H04,H04D
11000039,A,A61,A61K
11000040,G,G02,G02D
11000041,B,B60,B60N
11000041,D,D21,D21A
11000042,Y,Y10,Y10C
11000042,E,E02,E02B
11000043,D,D21,D21N
11000044,A,A23,A23K
11000045,F,F02,F02N
11000045,C,C01,C01A
11000046,B,B33,B33N
11000047,F,F16,F16K
11000048,Y,Y10,Y10K
11000049,C,C07,C07B
11000050,B,B33,B33K
11000050,Y,Y10,Y10B
11000051,Y,Y10,Y10N
11000051,H,H02,H02B
11000052,G,G02,G02A
11000053,A,A23,A23C
11000054,E,E02,E02B
11000055,E,E21,E21A
11000055,C,C12,C12K
11000056,D,D21,D21N
11000057,H,H04,H04C
11000057,A,A61,A61K
11000057,B,B33,B33C
11000058,Y,Y10,Y10C
11000058,A,A23,A23A
11000059,E,E02,E02N
11000060,E,E02,E02D
11000061,F,F03,F03A
11000062,D,D06,D06K
11000062,A,A23,A23A
11000063,E,E02,E02C
11000064,H,H01,H01A
11000065,G,G01,G01D
11000066,A,A61,A61B
11000067,Y,Y10,Y10D
11000067,B,B60,B60N
11000068,G,G10,G10N
11000069,Y,Y02,Y02C
11000070,A,A61,A61N
11000070,Y,Y02,Y02K
11000071,Y,Y10,Y10N
11000071,D,D21,D21D
11000071,B,B29,B29C
11000072,F,F16,F16C
11000072,A,A61,A61C
11000073,Y,Y02,Y02A
11000073,B,B33,B33D
11000074,E,E21,E21B
11000075,D,D21,D21A
11000076,G,G06,G06A
11000077,G,G02,G02N
11000078,C,C07,C07D
11000078,F,F03,F03B
11000078,G,G01,G01B
11000079,H,H04,H04D
11000079,G,G06,G06N
11000080,G,G10,G10B
11000080,F,F16,F16D
11000081,D,D06,D06D
11000082,G,G01,G01N
11000083,C,C12,C12A
11000084,G,G10,G10K
11000084,C,C07,C07B
11000085,A,A61,A61K
11000086,Y,Y02,Y02B
11000087,F,F02,F02A
11000087,C,C01,C01B
11000087,D,D21,D21K
11000088,C,C01,C01K
11000088,Y,Y02,Y02B
11000089,G,G10,G10B
11000090,G,G10,G10C
11000091,A,A01,A01N
11000092,D,D06,D06A
11000092,B,B29,B29N
11000093,H,H02,H02B
11000093,A,A23,A23D
11000094,E,E04,E04K
11000095,B,B33,B33D
11000095,C,C07,C07B
11000095,D,D21,D21D
11000096,D,D06,D06A
11000096,G,G06,G06C
11000097,G,G02,G02A
11000097,Y,Y10,Y10A
11000098,D,D21,D21A
11000098,H,H04,H04A
11000099,E,E21,E21K
11000100,D,D06,D06B
11000101,D,D06,D06D
11000102,Y,Y10,Y10D
11000103,D,D21,D21D
11000103,H,H04,H04C
11000104,F,F16,F16N
11000104,H,H01,H01D
11000105,G,G01,G01N
11000106,G,G01,G01C
11000106,A,A23,A23A
11000107,F,F16,F16B
11000107,B,B60,B60N
11000108,H,H01,H01K
11000109,A,A23,A23A
11000110,Y,Y02,Y02C
11000110,B,B29,B29K
11000110,E,E02,E02C
11000111,Y,Y02,Y02N
11000112,H,H04,H04D
11000112,B,B60,B60K
11000113,D,D21,D21B
11000114,Y,Y02,Y02A
11000114,E,E04,E04A
11000114,D,D06,D06K
11000115,G,G01,G01D
11000115,E,E04,E04K
11000116,E,E21,E21K
11000117,E,E02,E02B
11000117,H,H01,H01K
11000118,C,C07,C07A
11000119,F,F16,F16K
11000119,G,G10,G10K
11000120,H,H01,H01B
11000121,G,G06,G06K
11000122,C,C01,C01A
11000123,H,H02,H02N
11000124,D,D06,D06C
11000125,F,F02,F02D
11000126,H,H02,H02C
11000126,D,D21,D21K
11000127,C,C01,C01A
11000127,E,E21,E21N
11000127,F,F03,F03N
11000128,B,B33,B33K
11000129,H,H02,H02D
11000129,F,F02,F02A
11000130,D,D21,D21N
11000130,C,C07,C07K
11000130,G,G01,G01D
11000131,B,B33,B33A
11000131,H,H04,H04D
11000132,C,C12,C12N
11000132,E,E21,E21K
11000132,G,G06,G06D
11000133,G,G01,G01C
11000133,F,F02,F02A
11000134,H,H04,H04B
11000135,B,B29,B29B
11000135,D,D06,D06A
11000136,E,E21,E21B
11000136,A,A23,A23C
11000136,D,D21,D21A
11000137,A,A01,A01B
11000137,H,H02,H02D
11000138,F,F03,F03N
11000139,D,D06,D06N
11000140,D,D21,D21C
11000141,H,H04,H04K
11000141,F,F02,F02D
11000141,C,C07,C07A
11000142,D,D06,D06K
11000142,E,E04,E04K
11000142,F,F02,F02K
11000143,B,B29,B29K
11000144,C,C07,C07N
11000145,C,C07,C07K
11000145,H,H04,H04D
11000145,A,A23,A23C
11000146,B,B60,B60N
11000147,H,H02,H02C
11000147,B,B29,B29N
11000148,G,G10,G10B
11000149,G,G01,G01K
11000149,E,E21,E21D
11000149,A,A01,A01D
11000150,Y,Y02,Y02K
11000151,F,F02,F02C
11000152,F,F02,F02A
11000153,A,A23,A23D
11000154,D,D21,D21K
11000154,B,B29,B29D
11000155,E,E04,E04B
11000156,B,B60,B60N
11000157,Y,Y02,Y02K
11000157,C,C07,C07C
11000158,C,C12,C12A
11000158,F,F02,F02C
11000159,D,D06,D06K
11000159,B,B60,B60C
11000160,B,B60,B60D
11000161,F,F03,F03K
11000162,G,G10,G10N
11000163,H,H04,H04K
11000163,B,B60,B60A
11000163,F,F16,F16C
11000164,G,G10,G10A
11000165,C,C12,C12B
11000165,G,G01,G01N
11000166,H,H02,H02C
11000166,G,G01,G01A
11000166,B,B33,B33B
11000167,C,C12,C12D
11000167,G,G01,G01C
11000167,E,E04,E04A
11000168,Y,Y02,Y02K
11000168,D,D21,D21D
11000168,H,H04,H04A
11000169,G,G02,G02N
11000169,H,H01,H01D
11000170,A,A61,A61B
11000170,B,B33,B33D
11000171,A,A61,A61A
11000172,A,A61,A61K
11000173,A,A61,A61B
11000174,Y,Y02,Y02K
11000174,D,D21,D21D
11000174,H,H02,H02N
11000175,C,C12,C12D
11000176,D,D21,D21N
11000177,F,F02,F02D
11000177,H,H04,H04D
11000177,E,E21,E21A
11000178,G,G01,G01B
11000179,B,B29,B29A
11000180,E,E02,E02D
11000180,A,A01,A01C
11000180,D,D06,D06A
11000181,G,G01,G01C
11000182,F,F03,F03D
11000183,A,A01,A01K
11000184,D,D06,D06C
11000184,A,A23,A23K
11000185,G,G10,G10C
11000186,B,B29,B29N
11000187,B,B60,B60D
11000187,D,D21,D21K
11000188,H,H01,H01N
11000188,C,C07,C07K
11000188,B,B29,B29N
11000189,D,D21,D21N
11000189,G,G10,G10D
11000190,E,E04,E04A
11000190,F,F02,F02C
11000190,H,H04,H04C
11000191,C,C12,C12A
11000191,E,E04,E04K
11000192,Y,Y02,Y02K
11000193,D,D21,D21N
11000193,G,G01,G01A
11000193,H,H02,H02N
11000194,A,A61,A61C
11000195,A,A01,A01K
11000196,E,E02,E02A
11000197,B,B29,B29K
11000198,C,C07,C07A
11000198,G,G02,G02B
11000198,D,D06,D06K
11000199,F,F03,F03D
11000199,G,G01,G01K
11000200,G,G06,G06C
11000200,E,E04,E04K
11000201,A,A23,A23N
11000201,F,F03,F03A
11000202,A,A23,A23B
11000202,C,C01,C01K
11000202,E,E21,E21K
11000203,A,A23,A23C
11000204,F,F03,F03K
11000205,F,F16,F16N
11000206,F,F02,F02B
11000206,C,C01,C01N
11000206,Y,Y02,Y02B
11000207,Y,Y02,Y02A
11000207,F,F02,F02D
11000208,D,D06,D06K
11000209,E,E21,E21C
11000210,G,G02,G02D
11000211,Y,Y10,Y10D
11000211,A,A01,A01C
11000212,H,H04,H04K
11000213,G,G01,G01K
11000213,H,H01,H01K
11000214,E,E02,E02C
11000214,A,A61,A61D
11000215,C,C01,C01B
11000215,B,B60,B60C
11000215,Y,Y02,Y02B
11000216,B,B29,B29B
11000216,E,E02,E02B
11000217,G,G06,G06N
11000218,A,A01,A01C
11000219,D,D06,D06A
11000219,A,A23,A23K
11000220,E,E04,E04N
11000221,C,C01,C01A
11000222,C,C01,C01D
11000222,H,H02,H02D
11000223,G,G02,G02K
11000223,B,B33,B33B
11000224,C,C07,C07C
11000224,A,A61,A61A
11000225,C,C07,C07C
11000225,H,H02,H02N
11000225,D,D06,D06N
11000226,Y,Y10,Y10A
11000227,G,G02,G02D
11000227,D,D06,D06K
11000228,A,A01,A01K
11000229,C,C12,C12A
11000230,A,A01,A01B
11000230,E,E04,E04C
11000230,G,G01,G01A
11000231,C,C12,C12D
11000232,G,G02,G02B
11000232,B,B33,B33D
11000233,G,G01,G01N
11000233,F,F16,F16A
11000233,D,D06,D06D
11000234,B,B29,B29K
11000234,F,F03,F03A
11000235,F,F03,F03K
11000235,C,C07,C07N
11000235,D,D21,D21C
11000236,E,E02,E02B
11000236,D,D21,D21A
11000237,A,A23,A23A
11000238,C,C12,C12A
11000238,G,G06,G06A
11000239,B,B33,B33A
11000239,A,A01,A01N
11000239,D,D06,D06B
11000240,A,A23,A23D
11000241,E,E21,E21B
11000241,C,C01,C01N
11000241,G,G10,G10B
11000242,E,E02,E02B
11000243,A,A23,A23B
11000243,F,F02,F02A
11000244,E,E21,E21B
11000245,H,H01,H01N
11000245,F,F16,F16A
11000246,F,F02,F02C
11000247,C,C07,C07A
11000248,H,H04,H04B
11000249,G,G02,G02B
11000249,C,C12,C12C
11000250,G,G01,G01K
11000250,D,D06,D06D
11000250,E,E04,E04D
11000251,C,C01,C01A
11000252,E,E21,E21C
11000253,B,B60,B60N
11000253,Y,Y10,Y10B
11000253,G,G01,G01N
11000254,C,C01,C01C
11000255,B,B33,B33B
11000256,A,A23,A23A
11000256,E,E04,E04D
11000257,B,B33,B33B
11000257,Y,Y10,Y10N
11000258,F,F16,F16B
11000258,H,H01,H01D
11000258,D,D06,D06A
11000259,Y,Y02,Y02K
11000259,D,D06,D06B
11000260,B,B60,B60D
11000261,F,F16,F16B
11000261,C,C01,C01N
11000262,G,G01,G01D
11000262,Y,Y10,Y10N
11000263,A,A01,A01K
11000264,H,H02,H02A
11000265,H,H04,H04A
11000266,E,E02,E02C
11000267,E,E04,E04B
11000267,B,B33,B33C
11000267,Y,Y02,Y02D
11000268,F,F16,F16B
11000268,D,D21,D21D
11000269,G,G02,G02N
11000269,C,C01,C01K
11000270,G,G02,G02B
11000271,D,D06,D06A
11000271,A,A61,A61B
11000272,C,C07,C07C
11000273,H,H01,H01A
11000273,E,E04,E04B
11000273,G,G10,G10C
11000274,G,G01,G01A
11000275,D,D06,D06C
11000275,G,G10,G10N
11000276,A,A01,A01B
11000276,D,D06,D06A
11000276,G,G01,G01C
11000277,C,C01,C01K
11000277,E,E21,E21C
11000278,F,F16,F16K
11000278,H,H01,H01N
11000279,F,F03,F03K
11000279,E,E02,E02B
11000280,E,E02,E02A
11000281,H,H04,H04C
11000282,B,B29,B29A
11000283,B,B60,B60A
11000283,E,E02,E02D
11000284,D,D06,D06A
11000285,B,B33,B33K
11000285,D,D06,D06B
11000285,E,E04,E04B
11000286,D,D06,D06C
11000286,B,B60,B60N
11000287,D,D21,D21D
11000288,G,G02,G02A
11000289,G,G02,G02A
11000290,A,A61,A61K
11000291,H,H01,H01D
11000292,A,A23,A23C
11000293,G,G02,G02B
11000294,Y,Y10,Y10D
11000295,D,D06,D06D
11000295,A,A01,A01D
11000296,A,A61,A61A
11000296,Y,Y02,Y02B
11000296,D,D06,D06A
11000297,H,H02,H02B
11000298,Y,Y10,Y10K
11000298,B,B29,B29N
11000299,G,G06,G06D
11000300,E,E02,E02D
11000301,G,G06,G06D
11000301,Y,Y10,Y10C
11000302,A,A23,A23K
11000303,H,H02,H02K
11000304,B,B60,B60D
11000305,C,C12,C12D
11000306,D,D06,D06C
11000307,E,E02,E02A
11000308,B,B60,B60A
11000309,B,B29,B29C
11000309,C,C12,C12D
11000310,E,E02,E02N
11000311,D,D06,D06N
11000312,H,H02,H02N
11000313,D,D21,D21A
11000314,A,A01,A01B
11000315,E,E04,E04B
11000315,B,B33,B33N
11000315,C,C01,C01N
11000316,D,D06,D06K
11000317,Y,Y10,Y10B
11000318,C,C12,C12N
11000319,F,F02,F02D
11000320,F,F03,F03B
11000320,H,H02,H02K
11000320,D,D21,D21B
11000321,H,H04,H04A
11000322,E,E21,E21D
11000323,F,F16,F16C
11000324,H,H01,H01D
11000324,C,C12,C12K
11000324,E,E04,E04N
11000325,F,F02,F02B
11000326,E,E04,E04D
11000327,H,H01,H01A
11000327,A,A01,A01B
11000328,F,F03,F03B
11000329,G,G06,G06K
11000329,C,C12,C12B
11000330,H,H04,H04A
11000331,D,D21,D21D
11000332,G,G06,G06K
11000332,F,F16,F16C
11000332,H,H04,H04C
11000333,H,H04,H04K
11000334,D,D21,D21D
11000334,Y,Y02,Y02A
11000334,A,A23,A23A
11000335,E,E04,E04N
11000335,F,F16,F16D
11000335,Y,Y10,Y10B
11000336,H,H04,H04B
11000337,C,C07,C07B
11000338,B,B29,B29A
11000338,G,G06,G06D
11000339,H,H04,H04A
11000339,E,E21,E21N
11000339,A,A01,A01N
11000340,G,G06,G06C
11000340,Y,Y10,Y10D
11000340,H,H02,H02C
11000341,D,D21,D21C
11000341,G,G06,G06A
11000342,G,G06,G06C
11000342,A,A01,A01C
11000342,F,F03,F03B
11000343,F,F02,F02N
11000344,Y,Y02,Y02K
11000345,C,C01,C01N
11000346,G,G01,G01N
11000347,B,B33,B33A
11000348,H,H04,H04K
11000348,F,F03,F03B
11000348,D,D06,D06A
11000349,C,C12,C12C
11000350,A,A01,A01N
11000350,Y,Y02,Y02A
11000351,E,E21,E21B
11000352,E,E21,E21A
11000353,B,B60,B60A
11000353,E,E21,E21C
11000354,D,D21,D21K
11000354,A,A23,A23B
11000355,F,F16,F16C
11000356,C,C12,C12A
11000357,B,B60,B60N
11000357,Y,Y10,Y10A
11000358,B,B33,B33K
11000358,H,H04,H04C
11000358,G,G06,G06A
11000359,F,F03,F03C
11000360,A,A01,A01N
11000360,Y,Y02,Y02N
11000361,H,H02,H02D
11000362,G,G06,G06D
11000362,C,C01,C01K
11000362,H,H04,H04N
11000363,Y,Y02,Y02A
11000364,A,A61,A61C
11000365,D,D21,D21B
11000366,G,G10,G10C
11000367,A,A01,A01K
11000368,E,E02,E02C
11000369,G,G01,G01N
11000370,C,C07,C07K
11000370,H,H04,H04C
11000370,A,A01,A01A
11000371,A,A01,A01A
11000372,G,G01,G01N
11000373,B,B60,B60C
11000373,Y,Y02,Y02N
11000374,H,H02,H02A
11000374,F,F03,F03C
11000375,A,A23,A23K
11000375,B,B29,B29B
11000376,B,B29,B29B
11000377,A,A23,A23B
11000378,C,C07,C07K
11000378,Y,Y10,Y10N
11000379,F,F16,F16K
11000379,G,G10,G10B
11000380,D,D21,D21A
11000381,H,H04,H04D
11000382,D,D21,D21D
11000382,F,F03,F03B
11000383,A,A61,A61C
11000383,D,D06,D06D
11000383,B,B33,B33N
11000384,F,F16,F16D
11000384,A,A23,A23N
11000385,D,D21,D21A
11000386,A,A61,A61K
11000386,B,B60,B60C
11000387,D,D21,D21C
11000388,F,F02,F02B
11000389,G,G02,G02D
11000389,B,B29,B29C
11000390,D,D21,D21A
11000390,C,C01,C01K
11000391,A,A61,A61N
11000392,G,G01,G01C
11000393,C,C07,C07N
11000393,H,H02,H02B
11000394,B,B33,B33A
11000395,E,E21,E21D
11000395,Y,Y10,Y10N
11000396,G,G02,G02C
11000397,D,D06,D06K
11000397,E,E21,E21A
11000398,B,B29,B29A
11000399,B,B60,B60K
11000399,Y,Y10,Y10K
11000399,A,A61,A61A
11000400,Y,Y10,Y10D
11000401,E,E04,E04K
11000401,H,H04,H04K
11000402,F,F03,F03K
11000402,Y,Y02,Y02K
11000403,A,A01,A01A
11000403,E,E02,E02B
11000404,D,D21,D21C
11000404,F,F03,F03A
11000405,A,A23,A23A
11000405,F,F16,F16C
11000405,H,H04,H04N
11000406,G,G02,G02A
11000407,G,G01,G01K
11000407,F,F03,F03B
11000408,A,A01,A01K
11000409,D,D21,D21C
11000409,E,E21,E21C
11000410,A,A01,A01K
11000410,G,G06,G06K
11000410,H,H04,H04B
11000411,D,D06,D06D
11000411,F,F03,F03D
11000412,E,E04,E04A
11000413,Y,Y10,Y10C
11000413,E,E21,E21C
11000414,F,F02,F02C
11000415,E,E21,E21A
11000415,H,H01,H01K
11000416,Y,Y02,Y02A
11000417,D,D21,D21A
11000418,C,C01,C01A
11000418,G,G01,G01N
11000419,E,E21,E21C
11000420,H,H01,H01N
11000420,Y,Y02,Y02N
11000421,A,A23,A23N
11000422,G,G02,G02C
11000422,B,B33,B33B
11000422,F,F03,F03B
11000423,C,C12,C12N
11000424,C,C01,C01N
11000425,B,B60,B60A
11000425,H,H01,H01N
11000425,F,F16,F16D
11000426,D,D06,D06C
11000426,G,G10,G10B
11000427,B,B33,B33D
11000427,A,A61,A61C
11000428,C,C07,C07K
11000428,B,B60,B60K
11000428,G,G10,G10K
11000429,A,A61,A61A
11000430,B,B33,B33A
11000430,G,G06,G06N
11000431,A,A01,A01D
11000431,Y,Y02,Y02N
11000432,C,C12,C12K
11000433,Y,Y02,Y02A
11000434,E,E21,E21B
11000434,C,C12,C12B
11000435,Y,Y02,Y02A
11000435,E,E04,E04D
11000435,G,G06,G06A
11000436,Y,Y02,Y02C
11000436,E,E21,E21K
11000437,F,F16,F16A
11000438,Y,Y02,Y02C
11000438,H,H04,H04C
11000439,G,G06,G06K
11000439,C,C07,C07C
11000440,G,G02,G02K
11000440,F,F03,F03N
11000441,E,E02,E02C
11000442,E,E21,E21K
11000443,A,A23,A23A
11000443,Y,Y02,Y02K
11000443,H,H04,H04N
11000444,G,G02,G02B
11000444,D,D21,D21D
11000445,Y,Y02,Y02B
11000445,E,E21,E21N
11000445,B,B33,B33B
11000446,D,D21,D21C
11000446,Y,Y02,Y02N
11000446,C,C01,C01B
11000447,E,E04,E04A
11000448,E,E21,E21N
11000449,G,G06,G06D
11000449,D,D21,D21K
11000449,B,B33,B33B
11000450,B,B33,B33A
11000450,E,E21,E21K
11000451,Y,Y02,Y02B
11000451,C,C07,C07A
11000451,E,E02,E02C
11000452,G,G10,G10B
11000453,E,E21,E21K
11000454,C,C12,C12B
11000454,G,G02,G02A
11000455,C,C07,C07B
11000455,G,G01,G01D
11000456,Y,Y02,Y02D
11000456,D,D06,D06B
11000457,H,H02,H02A
11000458,H,H04,H04D
11000459,G,G01,G01N
11000459,F,F02,F02K
11000460,E,E02,E02B
11000461,C,C12,C12A
11000461,Y,Y10,Y10C
11000462,C,C01,C01N
11000462,Y,Y10,Y10D
11000463,C,C12,C12A
11000464,F,F16,F16D
11000465,E,E02,E02C
11000465,H,H02,H02K
11000466,B,B33,B33C
11000467,F,F16,F16D
11000468,A,A01,A01D
11000468,F,F02,F02N
11000469,D,D06,D06B
11000469,G,G06,G06K
11000469,Y,Y02,Y02N
11000470,D,D06,D06C
11000471,H,H01,H01A
11000472,E,E21,E21K
11000472,F,F16,F16N
11000473,G,G10,G10C
11000474,G,G01,G01C
11000474,B,B60,B60D
11000474,Y,Y10,Y10B
11000475,F,F16,F16K
11000475,C,C01,C01K
11000476,F,F03,F03A
11000476,G,G06,G06A
11000477,D,D06,D06D
11000477,A,A23,A23A
11000477,C,C01,C01A
11000478,A,A61,A61A
11000479,D,D21,D21C
11000479,C,C12,C12K
11000479,F,F03,F03A
11000480,A,A23,A23N
11000480,G,G02,G02B
11000481,H,H01,H01K
11000481,A,A23,A23K
11000482,Y,Y10,Y10A
11000483,D,D06,D06D
11000483,A,A01,A01K
11000484,D,D06,D06C
11000485,H,H01,H01N
11000485,Y,Y10,Y10N
11000486,Y,Y02,Y02C
11000486,D,D06,D06C
11000487,A,A61,A61N
11000488,E,E21,E21K
11000488,B,B33,B33K
11000489,C,C07,C07D
11000490,G,G02,G02K
11000490,Y,Y02,Y02A
11000491,B,B33,B33B
11000492,E,E02,E02D
11000492,B,B60,B60C
11000493,C,C07,C07C
11000493,F,F03,F03K
11000494,F,F03,F03N
11000495,G,G01,G01C
11000495,H,H01,H01B
11000496,C,C07,C07N
11000497,C,C07,C07A
11000498,A,A23,A23K
11000498,G,G01,G01A
11000498,E,E21,E21D
11000499,Y,Y10,Y10K
11000499,E,E02,E02B
11000500,H,H01,H01B
11000500,Y,Y02,Y02A
11000501,F,F02,F02B
11000502,Y,Y10,Y10N
11000502,G,G02,G02D
11000503,Y,Y10,Y10B
11000503,E,E04,E04K
11000504,C,C12,C12C
11000505,Y,Y02,Y02N
11000506,G,G10,G10D
11000506,B,B60,B60B
11000506,D,D06,D06B
11000507,A,A61,A61K
11000507,C,C07,C07B
11000508,F,F02,F02K
11000509,Y,Y10,Y10C
11000509,G,G10,G10A
11000510,C,C12,C12D
11000510,Y,Y02,Y02D
11000511,C,C12,C12B
11000511,F,F02,F02B
11000511,G,G06,G06N
11000512,E,E02,E02C
11000513,F,F16,F16A
11000514,H,H04,H04K
11000514,F,F02,F02K
11000515,D,D06,D06B
11000516,C,C01,C01B
11000516,G,G10,G10N
11000517,D,D06,D06N
11000518,F,F02,F02B
11000518,E,E21,E21C
11000518,D,D21,D21A
11000519,A,A01,A01N
11000520,C,C01,C01N
11000520,F,F16,F16K
11000521,F,F03,F03A
11000522,Y,Y02,Y02D
11000523,H,H01,H01D
11000524,E,E04,E04C
11000525,Y,Y02,Y02C
11000525,H,H02,H02A
11000525,B,B33,B33C
11000526,B,B29,B29A
11000526,G,G01,G01A
11000527,H,H02,H02N
11000527,Y,Y10,Y10N
11000528,H,H04,H04D
11000528,Y,Y02,Y02C
11000529,C,C01,C01B
11000530,H,H04,H04B
11000530,D,D06,D06K
11000531,F,F16,F16K
11000532,C,C01,C01C
11000532,A,A01,A01C
11000532,H,H04,H04A
11000533,C,C12,C12N
11000533,E,E21,E21K
11000534,Y,Y10,Y10B
11000534,A,A61,A61K
11000535,E,E04,E04D
11000536,B,B29,B29K
11000537,A,A01,A01C
11000537,D,D06,D06N
11000538,A,A61,A61K
11000538,C,C01,C01D
11000539,B,B29,B29K
11000540,H,H02,H02B
11000540,A,A23,A23K
11000540,C,C01,C01D
11000541,E,E02,E02D
11000541,D,D06,D06D
11000542,Y,Y02,Y02K
11000542,A,A23,A23A
11000543,G,G01,G01B
11000544,Y,Y10,Y10B
11000545,G,G01,G01K
11000545,D,D06,D06N
11000546,B,B60,B60D
11000546,H,H01,H01D
11000546,E,E04,E04D
11000547,B,B29,B29C
11000548,B,B60,B60B
11000549,D,D21,D21K
11000549,E,E02,E02D
11000550,G,G10,G10N
11000550,H,H02,H02K
11000551,E,E04,E04K
11000551,A,A61,A61D
11000552,H,H04,H04N
11000553,B,B60,B60N
11000553,F,F03,F03C
11000554,E,E21,E21B
11000555,C,C01,C01A
11000555,E,E21,E21K
11000556,C,C07,C07C
11000556,F,F02,F02C
11000557,B,B33,B33N
11000557,F,F16,F16K
11000558,B,B60,B60K
11000558,Y,Y10,Y10K
11000559,H,H01,H01N
11000560,H,H02,H02N
11000561,B,B33,B33D
11000561,F,F02,F02D
11000562,F,F02,F02D
11000562,D,D06,D06N
11000563,H,H04,H04D
11000564,F,F03,F03N
11000565,F,F02,F02C
11000566,Y,Y02,Y02K
11000567,E,E21,E21C
11000568,Y,Y02,Y02C
11000569,C,C12,C12D
11000570,C,C07,C07A
11000570,H,H04,H04A
11000570,E,E02,E02N
11000571,A,A61,A61B
11000571,H,H01,H01N
11000571,Y,Y10,Y10A
11000572,A,A01,A01N
11000573,G,G02,G02C
11000573,Y,Y10,Y10K
11000574,A,A23,A23C
11000575,A,A61,A61A
11000575,G,G06,G06B
11000575,B,B33,B33K
11000576,C,C01,C01A
11000576,H,H04,H04N
11000577,B,B33,B33A
11000577,D,D21,D21K
11000578,D,D06,D06A
11000579,C,C07,C07K
11000580,A,A01,A01K
11000580,G,G02,G02A
11000581,Y,Y02,Y02A
11000582,C,C12,C12N
11000582,E,E02,E02K
11000583,E,E02,E02C
11000584,E,E02,E02N
11000585,B,B60,B60A
11000585,C,C12,C12K
11000585,G,G01,G01D
11000586,A,A01,A01D
11000586,C,C12,C12A
11000587,A,A61,A61C
11000587,B,B60,B60B
11000587,D,D06,D06A
11000588,G,G06,G06K
11000588,A,A61,A61D
11000589,E,E04,E04A
11000589,H,H01,H01B
11000590,A,A23,A23C
11000590,E,E02,E02K
11000591,F,F02,F02B
11000591,B,B29,B29B
11000592,F,F16,F16D
11000593,B,B29,B29B
11000594,B,B33,B33K
11000594,H,H04,H04D
11000595,Y,Y02,Y02B
11000595,H,H02,H02A
11000596,H,H02,H02C
11000596,E,E04,E04N
11000597,H,H01,H01N
11000598,E,E02,E02A
11000598,D,D21,D21C
11000599,F,F03,F03B
11000599,E,E04,E04D
11000600,F,F16,F16K
11000601,H,H04,H04D
11000602,D,D21,D21B
11000603,E,E02,E02D
11000603,F,F16,F16B
11000604,E,E02,E02B
11000604,Y,Y02,Y02D
11000605,E,E04,E04B
11000606,E,E02,E02C
11000607,E,E02,E02B
11000607,A,A01,A01A
11000608,B,B33,B33K
11000608,E,E04,E04A
11000609,F,F03,F03B
11000610,G,G10,G10K
11000611,F,F16,F16K
11000612,F,F16,F16A
11000612,G,G02,G02A
11000612,C,C07,C07B
11000613,A,A61,A61A
11000614,C,C12,C12D
11000615,D,D06,D06A
11000615,B,B60,B60D
11000616,D,D06,D06B
11000616,C,C01,C01D
11000617,D,D06,D06K
11000618,A,A61,A61K
11000619,Y,Y02,Y02C
11000619,E,E02,E02C
11000620,C,C01,C01A
11000621,B,B29,B29K
11000622,G,G06,G06D
11000622,B,B29,B29B
11000622,F,F03,F03C
11000623,Y,Y02,Y02C
11000624,A,A01,A01C
11000625,C,C12,C12D
11000625,H,H04,H04C
11000626,A,A01,A01C
11000627,C,C12,C12D
11000628,G,G01,G01B
11000628,H,H02,H02D
11000629,G,G06,G06D
11000629,Y,Y10,Y10K
11000629,A,A23,A23B
11000630,C,C12,C12K
11000630,E,E04,E04K
11000631,Y,Y10,Y10D
11000631,A,A61,A61D
11000631,G,G10,G10N
11000632,E,E04,E04N
11000633,F,F02,F02C
11000634,B,B33,B33D
11000635,Y,Y02,Y02K
11000636,C,C01,C01N
11000637,F,F03,F03N
11000638,A,A61,A61D
11000639,G,G02,G02B
11000640,D,D21,D21B
11000641,B,B60,B60C
11000642,E,E04,E04C
11000643,F,F03,F03N
11000643,C,C12,C12B
11000644,H,H01,H01A
11000645,F,F16,F16C
11000646,E,E21,E21B
11000646,H,H01,H01K
11000647,H,H02,H02D
11000648,A,A23,A23C
11000649,F,F03,F03D
11000649,E,E21,E21K
11000650,Y,Y02,Y02C
11000651,A,A23,A23K
11000651,C,C01,C01C
11000651,H,H04,H04C
11000652,C,C12,C12A
11000653,D,D21,D21D
11000653,Y,Y02,Y02N
11000654,G,G01,G01B
11000654,C,C07,C07K
11000655,C,C12,C12C
11000655,F,F03,F03K
11000656,B,B60,B60A
11000656,A,A61,A61K
11000657,E,E02,E02N
11000657,D,D21,D21B
11000658,Y,Y10,Y10A
11000658,G,G01,G01N
11000658,H,H04,H04C
11000659,E,E02,E02N
11000659,G,G02,G02D
11000660,F,F03,F03B
11000660,B,B60,B60C
11000660,Y,Y02,Y02A
11000661,A,A01,A01N
11000661,H,H01,H01D
11000662,G,G06,G06D
11000663,A,A01,A01K
11000663,Y,Y10,Y10K
11000664,H,H04,H04A
11000665,C,C12,C12N
11000666,F,F16,F16A
11000667,G,G01,G01B
11000668,B,B29,B29K
11000669,E,E21,E21D
11000670,B,B29,B29A
11000670,H,H04,H04A
11000671,A,A23,A23B
11000672,G,G06,G06K
11000673,D,D21,D21B
11000673,H,H04,H04A
11000673,C,C12,C12N
11000674,Y,Y10,Y10C
11000674,E,E02,E02C
11000675,Y,Y10,Y10C
11000676,B,B29,B29C
11000677,B,B60,B60C
11000678,B,B60,B60D
11000679,H,H01,H01A
11000679,D,D21,D21A
11000679,F,F02,F02K
11000680,E,E02,E02D
11000680,H,H04,H04N
11000681,H,H04,H04B
11000682,H,H01,H01N
11000682,A,A61,A61A
11000682,C,C12,C12B
11000683,B,B60,B60C
11000683,C,C01,C01K
11000684,F,F03,F03A
11000685,H,H01,H01K
11000686,E,E04,E04B
11000686,B,B29,B29K
11000686,Y,Y10,Y10K
11000687,E,E02,E02A
11000688,C,C12,C12C
11000689,Y,Y10,Y10A
11000690,G,G01,G01C
11000691,H,H01,H01A
11000692,E,E04,E04B
11000692,D,D06,D06A
11000693,C,C01,C01K
11000693,D,D21,D21A
11000693,G,G06,G06C
11000694,E,E21,E21N
11000694,D,D06,D06B
11000695,F,F03,F03D
11000696,E,E21,E21B
11000697,C,C12,C12K
11000697,B,B60,B60A
11000698,F,F16,F16D
11000698,H,H01,H01A
11000699,F,F03,F03C
11000700,D,D21,D21D
11000700,C,C12,C12N
11000701,G,G10,G10C
11000701,E,E21,E21N
11000701,B,B29,B29K
11000702,E,E21,E21A
11000702,H,H01,H01B
11000703,A,A23,A23B
11000704,D,D06,D06D
11000705,D,D06,D06A
11000705,H,H01,H01A
11000706,A,A23,A23C
11000706,D,D06,D06N
11000707,Y,Y02,Y02D
11000708,D,D06,D06C
11000708,G,G10,G10A
11000709,F,F16,F16B
11000709,Y,Y02,Y02C
11000710,Y,Y02,Y02A
11000711,Y,Y10,Y10A
11000712,B,B33,B33N
11000712,Y,Y02,Y02N
11000713,B,B33,B33D
11000714,F,F16,F16D
11000714,Y,Y10,Y10A
11000715,G,G01,G01N
11000716,D,D06,D06A
11000717,H,H01,H01K
11000718,H,H01,H01D
11000719,H,H04,H04B
11000720,B,B29,B29A
11000720,G,G02,G02C
11000720,F,F03,F03N
11000721,A,A23,A23D
11000722,H,H01,H01K
11000722,G,G06,G06N
11000723,E,E02,E02C
11000723,C,C07,C07A
11000723,Y,Y10,Y10B
11000724,B,B60,B60B
11000725,H,H01,H01C
11000725,C,C01,C01C
11000726,D,D21,D21C
11000727,A,A01,A01B
11000727,E,E02,E02C
11000728,D,D21,D21K
11000728,B,B29,B29C
11000729,Y,Y02,Y02C
11000729,A,A01,A01B
11000730,C,C12,C12N
11000730,F,F03,F03N
11000730,H,H04,H04D
11000731,Y,Y02,Y02A
11000732,H,H04,H04B
11000733,A,A61,A61B
11000734,D,D06,D06N
11000734,H,H02,H02A
11000735,H,H04,H04B
11000736,H,H04,H04B
11000736,A,A01,A01C
11000737,B,B29,B29D
11000737,E,E02,E02A
11000738,H,H02,H02D
11000739,G,G10,G10D
11000739,F,F03,F03D
11000739,E,E02,E02A
11000740,E,E04,E04B
11000740,C,C12,C12D
11000741,D,D06,D06A
11000742,E,E02,E02C
11000743,A,A23,A23D
11000744,Y,Y02,Y02A
11000744,G,G10,G10N
11000744,B,B33,B33C
11000745,E,E04,E04D
11000746,A,A23,A23D
11000747,H,H04,H04B
11000747,D,D21,D21N
11000748,A,A61,A61A
11000749,E,E02,E02N
11000749,G,G02,G02K
11000750,A,A23,A23D
11000751,D,D21,D21K
11000752,E,E04,E04C
11000753,D,D21,D21K
11000753,B,B33,B33A
11000753,E,E02,E02K
11000754,H,H02,H02N
11000755,B,B29,B29D
11000756,H,H02,H02A
11000756,B,B33,B33K
11000757,E,E21,E21C
11000758,E,E04,E04A
11000758,F,F02,F02D
11000759,Y,Y02,Y02C
11000759,D,D06,D06K
11000760,E,E02,E02A
11000761,H,H04,H04B
11000762,B,B29,B29B
11000762,Y,Y02,Y02B
11000763,A,A23,A23D
11000763,B,B60,B60N
11000763,H,H04,H04B
11000764,F,F02,F02A
11000764,D,D21,D21K
11000765,C,C01,C01K
11000766,Y,Y10,Y10B
11000767,B,B60,B60A
11000767,G,G01,G01C
11000768,A,A61,A61A
11000768,G,G06,G06K
11000769,G,G10,G10D
11000770,C,C12,C12N
11000770,E,E02,E02B
11000771,B,B60,B60B
11000772,Y,Y10,Y10B
11000772,F,F16,F16B
11000772,C,C12,C12N
11000773,F,F16,F16C
11000774,H,H02,H02N
11000774,G,G02,G02K
11000775,Y,Y02,Y02N
11000775,G,G01,G01C
11000776,E,E21,E21K
11000776,D,D06,D06N
11000777,A,A23,A23A
11000777,B,B29,B29D
11000777,C,C01,C01A
11000778,F,F16,F16A
11000778,B,B29,B29N
11000779,H,H04,H04K
11000780,E,E21,E21C
11000781,E,E04,E04D
11000782,Y,Y02,Y02N
11000782,E,E04,E04B
11000782,B,B60,B60D
11000783,E,E02,E02A
11000784,H,H01,H01A
11000784,F,F03,F03C
11000784,E,E21,E21D
11000785,C,C07,C07K
11000785,E,E04,E04C
11000786,H,H01,H01C
11000786,Y,Y10,Y10C
11000786,A,A23,A23N
11000787,F,F02,F02B
11000788,H,H04,H04B
11000789,F,F16,F16C
11000789,C,C12,C12K
11000790,D,D21,D21A
11000790,C,C01,C01C
11000790,B,B60,B60N
11000791,D,D06,D06K
11000792,G,G10,G10B
11000792,F,F03,F03D
11000793,E,E04,E04A
11000794,F,F03,F03C
11000795,G,G02,G02C
11000795,H,H04,H04A
11000795,Y,Y10,Y10A
11000796,Y,Y10,Y10D
11000796,E,E04,E04C
11000796,D,D06,D06A
11000797,H,H02,H02A
11000798,D,D06,D06N
11000799,G,G06,G06D
11000799,Y,Y10,Y10D
11000799,C,C01,C01A
11000800,H,H01,H01K
11000800,D,D06,D06N
11000801,H,H01,H01D
11000802,A,A23,A23K
11000803,G,G01,G01K
11000804,B,B33,B33B
11000805,A,A61,A61N
11000806,B,B33,B33C
11000806,A,A23,A23B
11000806,G,G10,G10N
11000807,H,H02,H02K
11000807,C,C12,C12B
11000808,F,F16,F16K
11000808,C,C01,C01D
11000809,F,F03,F03D
11000809,A,A01,A01D
11000809,H,H01,H01D
11000810,F,F03,F03A
11000810,E,E04,E04A
11000810,A,A61,A61C
11000811,D,D06,D06C
11000811,E,E02,E02N
11000812,H,H01,H01D
11000812,Y,Y02,Y02D
11000813,G,G02,G02B
11000813,F,F02,F02C
11000814,E,E04,E04A
11000814,A,A01,A01D
11000814,H,H02,H02N
11000815,H,H04,H04A
11000815,C,C12,C12K
11000815,E,E21,E21K
11000816,C,C07,C07N
11000817,E,E21,E21B
11000818,G,G06,G06B
11000818,D,D21,D21N
11000819,Y,Y10,Y10N
11000820,C,C12,C12D
11000820,H,H01,H01C
11000820,D,D06,D06A
11000821,C,C07,C07A
11000821,D,D21,D21B
11000822,H,H01,H01C
11000823,B,B29,B29C
11000823,A,A01,A01B
11000823,D,D06,D06A
11000824,C,C12,C12C
11000825,E,E02,E02D
11000825,Y,Y02,Y02K
11000826,E,E02,E02C
11000827,H,H04,H04B
11000827,C,C01,C01A
11000828,A,A23,A23B
11000828,Y,Y10,Y10C
11000828,B,B60,B60D
11000829,A,A23,A23C
11000830,B,B33,B33B
11000830,F,F16,F16K
11000830,H,H02,H02C
11000831,F,F03,F03D
11000832,B,B33,B33K
11000833,E,E04,E04D
11000833,C,C07,C07D
11000834,G,G01,G01A
11000835,G,G06,G06N
11000835,E,E02,E02D
11000836,C,C07,C07N
11000836,H,H04,H04C
11000837,A,A23,A23A
11000838,G,G06,G06N
11000839,G,G02,G02C
11000840,F,F02,F02N
11000840,A,A01,A01N
11000841,Y,Y02,Y02D
11000842,E,E21,E21N
11000843,H,H02,H02B
11000843,A,A61,A61N
11000843,E,E02,E02D
11000844,A,A01,A01D
11000844,E,E04,E04B
11000845,H,H04,H04D
11000845,F,F02,F02C
11000846,C,C12,C12K
11000846,H,H02,H02D
11000847,H,H02,H02A
11000848,E,E02,E02K
11000849,E,E04,E04B
11000850,A,A01,A01N
11000851,A,A01,A01A
11000852,A,A01,A01C
11000852,H,H04,H04C
11000852,G,G01,G01K
11000853,H,H02,H02B
11000853,A,A23,A23B
11000853,B,B29,B29A
11000854,B,B60,B60D
11000855,H,H02,H02B
11000856,A,A23,A23B
11000857,H,H02,H02K
11000857,B,B33,B33C
11000857,E,E04,E04B
11000858,F,F03,F03N
11000859,A,A23,A23D
11000860,F,F02,F02B
11000860,G,G01,G01N
11000860,Y,Y02,Y02A
11000861,H,H02,H02B
11000862,C,C07,C07C
11000862,E,E21,E21N
11000863,F,F03,F03B
11000863,H,H04,H04A
11000864,H,H01,H01C
11000864,Y,Y10,Y10C
11000865,Y,Y02,Y02D
11000866,D,D06,D06B
11000866,A,A23,A23B
11000867,D,D21,D21C
11000868,H,H02,H02B
11000868,D,D21,D21C
11000869,E,E02,E02C
11000870,C,C12,C12K
11000870,G,G01,G01C
11000870,D,D21,D21K
11000871,C,C01,C01C
11000871,Y,Y10,Y10A
11000872,A,A61,A61K
11000872,B,B60,B60C
11000872,E,E21,E21B
11000873,H,H04,H04K
11000874,H,H04,H04C
11000875,Y,Y02,Y02D
11000875,B,B60,B60K
11000876,D,D06,D06N
11000876,A,A01,A01D
11000877,E,E02,E02A
11000877,C,C07,C07N
11000878,H,H01,H01A
11000878,A,A23,A23K
11000879,Y,Y10,Y10N
11000880,G,G06,G06A
11000880,Y,Y02,Y02C
11000880,E,E02,E02C
11000881,B,B29,B29D
11000882,F,F03,F03B
11000882,Y,Y10,Y10B
11000883,H,H01,H01D
11000883,Y,Y10,Y10C
11000884,A,A61,A61K
11000884,D,D06,D06C
11000885,C,C12,C12C
11000885,A,A61,A61B
11000886,C,C01,C01A
11000887,B,B33,B33K
11000887,A,A61,A61C
11000888,H,H02,H02A
11000889,F,F03,F03C
11000890,H,H02,H02C
11000890,E,E04,E04N
11000891,A,A23,A23K
11000892,Y,Y10,Y10C
11000893,H,H02,H02A
11000893,A,A23,A23C
11000894,E,E21,E21K
11000895,Y,Y10,Y10D
11000896,G,G10,G10C
11000896,E,E21,E21K
11000896,F,F03,F03C
11000897,B,B60,B60B
11000898,A,A01,A01C
11000898,C,C12,C12K
11000898,D,D06,D06B
11000899,F,F02,F02C
11000899,E,E04,E04A
11000900,E,E04,E04A
11000901,H,H01,H01C
11000901,A,A01,A01A
11000902,C,C07,C07D
11000903,F,F03,F03C
11000904,A,A61,A61D
11000904,D,D21,D21C
11000905,C,C01,C01B
11000905,A,A01,A01A
11000905,E,E04,E04C
11000906,H,H01,H01A
11000907,D,D21,D21K
11000908,E,E21,E21N
11000908,G,G06,G06D
11000909,A,A61,A61K
11000910,A,A23,A23D
11000910,Y,Y02,Y02D
11000910,E,E02,E02K
11000911,F,F02,F02C
11000911,A,A23,A23B
11000912,H,H02,H02D
11000913,B,B33,B33D
11000914,F,F02,F02C
11000915,A,A61,A61D
11000915,F,F16,F16A
11000916,A,A61,A61C
11000916,B,B29,B29C
11000916,C,C01,C01A
11000917,Y,Y02,Y02A
11000917,A,A01,A01A
11000918,E,E21,E21D
11000918,B,B60,B60C
11000919,C,C12,C12B
11000919,G,G06,G06B
11000920,C,C12,C12N
11000920,B,B33,B33B
11000921,E,E02,E02N
11000922,C,C12,C12N
11000922,H,H04,H04K
11000923,E,E02,E02A
11000923,D,D21,D21D
11000923,H,H01,H01D
11000924,E,E02,E02K
11000925,B,B29,B29C
11000925,F,F16,F16A
11000926,D,D21,D21K
11000927,G,G06,G06A
11000927,H,H01,H01N
11000927,D,D21,D21C
11000928,Y,Y10,Y10K
11000928,E,E02,E02B
11000928,H,H01,H01C
11000929,A,A61,A61B
11000929,F,F03,F03D
11000930,F,F02,F02A
11000930,H,H02,H02D
11000930,G,G01,G01D
11000931,D,D21,D21A
11000932,H,H04,H04A
11000932,B,B33,B33B
11000932,Y,Y10,Y10N
11000933,G,G10,G10K
11000934,Y,Y02,Y02D
11000934,A,A61,A61A
11000934,E,E21,E21A
11000935,H,H04,H04C
11000935,E,E04,E04B
11000936,Y,Y10,Y10N
11000936,D,D21,D21N
11000936,C,C07,C07D
11000937,G,G02,G02D
11000938,B,B60,B60N
11000938,E,E21,E21D
11000939,E,E21,E21C
11000939,H,H04,H04B
11000940,Y,Y02,Y02K
11000940,E,E21,E21K
11000941,G,G10,G10B
11000941,H,H01,H01N
11000941,C,C07,C07D
11000942,F,F03,F03N
11000942,B,B60,B60A
11000943,A,A61,A61D
11000943,C,C12,C12D
11000944,D,D21,D21K
11000944,B,B60,B60D
11000945,H,H01,H01B
11000945,D,D06,D06A
11000946,H,H04,H04N
11000947,D,D06,D06B
11000947,A,A01,A01N
11000948,H,H01,H01N
11000948,A,A01,A01N
11000949,F,F02,F02K
11000950,H,H02,H02A
11000951,H,H04,H04C
11000952,A,A61,A61N
11000953,E,E21,E21A
11000953,D,D21,D21N
11000953,Y,Y10,Y10C
11000954,H,H01,H01K
11000954,A,A23,A23B
11000955,C,C07,C07D
11000955,H,H02,H02B
11000956,D,D21,D21C
11000956,B,B29,B29A
11000957,A,A01,A01D
11000957,G,G10,G10D
11000958,H,H02,H02K
11000959,B,B29,B29C
11000959,D,D21,D21C
11000960,E,E02,E02D
11000961,G,G10,G10N
11000961,H,H04,H04N
11000962,B,B60,B60D
11000962,C,C01,C01N
11000963,E,E02,E02D
11000963,H,H01,H01D
11000963,B,B29,B29B
11000964,H,H02,H02C
11000965,C,C01,C01N
11000966,G,G10,G10N
11000967,G,G06,G06B
11000967,E,E21,E21B
11000967,H,H02,H02C
11000968,F,F02,F02N
11000968,D,D21,D21D
11000968,H,H02,H02K
11000969,Y,Y10,Y10K
11000970,A,A23,A23C
11000971,E,E02,E02A
11000972,B,B60,B60D
11000973,B,B33,B33C
11000974,H,H01,H01C
11000975,C,C12,C12A
11000975,D,D06,D06C
11000975,B,B29,B29C
11000976,G,G06,G06K
11000977,E,E04,E04K
11000977,A,A23,A23A
11000977,Y,Y02,Y02B
11000978,C,C01,C01K
11000979,A,A61,A61K
11000980,B,B29,B29N
11000981,A,A61,A61D
11000981,Y,Y02,Y02N
11000982,G,G01,G01K
11000983,B,B29,B29D
11000984,A,A61,A61B
11000985,A,A01,A01D
11000986,E,E21,E21K
11000987,H,H01,H01C
11000987,D,D21,D21C
11000988,E,E21,E21K
11000988,C,C01,C01C
11000989,Y,Y02,Y02B
11000989,D,D06,D06C
11000990,Y,Y02,Y02A
11000991,C,C12,C12C
11000991,Y,Y10,Y10N
11000991,D,D06,D06C
11000992,C,C01,C01D
11000992,A,A23,A23B
11000993,E,E04,E04B
11000994,C,C07,C07A
11000994,D,D06,D06A
11000995,D,D06,D06N
11000996,H,H01,H01D
11000997,D,D21,D21D
11000998,A,A61,A61D
11000999,A,A01,A01D
