patent_id	cpc_section	cpc_class	cpc_subclass	cpc_group	cpc_subgroup
11000000	G	G01	G01A	G01A/71	G01A/638
11000001	Y	Y02	Y02A	Y02A/38	Y02A/661
11000002	E	E21	E21C	E21C/04	E21C/175
11000002	Y	Y02	Y02A	Y02A/72	Y02A/535
11000003	F	F02	F02B	F02B/08	F02B/667
11000004	F	F02	F02A	F02A/50	F02A/373
11000004	B	B33	B33B	B33B/50	B33B/534
11000005	E	E21	E21K	E21K/30	E21K/268
11000005	A	A01	A01C	A01C/67	A01C/427
11000006	Y	Y02	Y02N	Y02N/36	Y02N/333
11000007	G	G10	G10N	G10N/68	G10N/530
11000008	C	C07	C07K	C07K/68	C07K/227
11000009	D	D06	D06D	D06D/61	D06D/835
11000010	Y	Y10	Y10A	Y10A/58	Y10A/397
11000011	Y	Y10	Y10B	Y10B/14	Y10B/728
11000012	B	B29	B29B	B29B/14	B29B/720
11000012	D	D21	D21N	D21N/86	D21N/924
11000012	A	A01	A01A	A01A/29	A01A/829
11000013	H	H04	H04B	H04B/04	H04B/960
11000014	Y	Y10	Y10D	Y10D/80	Y10D/751
11000014	C	C12	C12B	C12B/69	C12B/531
11000014	B	B33	B33C	B33C/70	B33C/688
11000015	G	G06	G06K	G06K/42	G06K/104
11000016	C	C07	C07C	C07C/59	C07C/343
11000016	H	H04	H04N	H04N/64	H04N/707
11000016	G	G10	G10C	G10C/75	G10C/366
11000017	B	B29	B29A	B29A/02	B29A/417
11000018	H	H01	H01K	H01K/05	H01K/657
11000018	D	D06	D06D	D06D/74	D06D/521
11000018	Y	Y02	Y02A	Y02A/47	Y02A/779
11000019	E	E21	E21B	E21B/46	E21B/712
11000019	H	H02	H02K	H02K/75	H02K/408
11000020	A	A61	A61A	A61A/15	A61A/333
11000020	E	E02	E02D	E02D/90	E02D/178
11000021	F	F16	F16B	F16B/88	F16B/166
11000021	D	D21	D21B	D21B/78	D21B/276
11000022	A	A61	A61A	A61A/78	A61A/664
11000023	E	E02	E02K	E02K/30	E02K/760
11000024	Y	Y10	Y10D	Y10D/21	Y10D/987
11000024	E	E04	E04N	E04N/20	E04N/704
11000025	Y	Y02	Y02N	Y02N/21	Y02N/411
11000026	B	B33	B33N	B33N/41	B33N/811
11000026	Y	Y10	Y10A	Y10A/55	Y10A/218
11000026	C	C01	C01B	C01B/54	C01B/232
11000027	H	H04	H04C	H04C/82	H04C/104
11000028	Y	Y02	Y02D	Y02D/14	Y02D/310
11000029	C	C07	C07K	C07K/97	C07K/170
11000029	B	B33	B33B	B33B/79	B33B/809
11000030	D	D06	D06K	D06K/05	D06K/311
11000030	H	H04	H04D	H04D/10	H04D/953
11000030	B	B33	B33A	B33A/30	B33A/894
11000031	C	C12	C12C	C12C/50	C12C/699
11000032	C	C01	C01C	C01C/17	C01C/587
11000033	Y	Y02	Y02D	Y02D/43	Y02D/340
11000034	G	G10	G10K	G10K/08	G10K/106
11000035	C	C07	C07C	C07C/53	C07C/313
11000036	E	E21	E21C	E21C/72	E21C/657
11000036	D	D21	D21A	D21A/93	D21A/263
11000036	C	C12	C12K	C12K/43	C12K/234
11000037	B	B29	B29C	B29C/63	B29C/345
11000038	F	F03	F03N	F03N/37	F03N/412
11000039	H	H04	H04D	H04D/45	H04D/337
11000039	A	A61	A61K	A61K/73	A61K/240
11000040	G	G02	G02D	G02D/02	G02D/187
11000041	B	B60	B60N	B60N/63	B60N/358
11000041	D	D21	D21A	D21A/34	D21A/642
11000042	Y	Y10	Y10C	Y10C/78	Y10C/731
11000042	E	E02	E02B	E02B/56	E02B/538
11000043	D	D21	D21N	D21N/18	D21N/912
11000044	A	A23	A23K	A23K/66	A23K/170
11000045	F	F02	F02N	F02N/24	F02N/828
11000045	C	C01	C01A	C01A/75	C01A/510
11000046	B	B33	B33N	B33N/20	B33N/721
11000047	F	F16	F16K	F16K/13	F16K/682
11000048	Y	Y10	Y10K	Y10K/44	Y10K/857
11000049	C	C07	C07B	C07B/48	C07B/580
11000050	B	B33	B33K	B33K/09	B33K/579
11000050	Y	Y10	Y10B	Y10B/27	Y10B/720
11000051	Y	Y10	Y10N	Y10N/40	Y10N/552
11000051	H	H02	H02B	H02B/78	H02B/609
11000052	G	G02	G02A	G02A/16	G02A/645
11000053	A	A23	A23C	A23C/40	A23C/306
11000054	E	E02	E02B	E02B/16	E02B/636
11000055	E	E21	E21A	E21A/57	E21A/405
11000055	C	C12	C12K	C12K/88	C12K/659
11000056	D	D21	D21N	D21N/75	D21N/433
11000057	H	H04	H04C	H04C/30	H04C/911
11000057	A	A61	A61K	A61K/59	A61K/431
11000057	B	B33	B33C	B33C/64	B33C/173
11000058	Y	Y10	Y10C	Y10C/56	Y10C/640
11000058	A	A23	A23A	A23A/10	A23A/784
11000059	E	E02	E02N	E02N/32	E02N/809
11000060	E	E02	E02D	E02D/56	E02D/860
11000061	F	F03	F03A	F03A/03	F03A/131
11000062	D	D06	D06K	D06K/79	D06K/874
11000062	A	A23	A23A	A23A/70	A23A/955
11000063	E	E02	E02C	E02C/71	E02C/316
11000064	H	H01	H01A	H01A/43	H01A/431
11000065	G	G01	G01D	G01D/39	G01D/514
11000066	A	A61	A61B	A61B/52	A61B/747
11000067	Y	Y10	Y10D	Y10D/57	Y10D/921
11000067	B	B60	B60N	B60N/77	B60N/553
11000068	G	G10	G10N	G10N/29	G10N/515
11000069	Y	Y02	Y02C	Y02C/76	Y02C/778
11000070	A	A61	A61N	A61N/77	A61N/474
11000070	Y	Y02	Y02K	Y02K/64	Y02K/440
11000071	Y	Y10	Y10N	Y10N/20	Y10N/654
11000071	D	D21	D21D	D21D/89	D21D/303
11000071	B	B29	B29C	B29C/30	B29C/177
11000072	F	F16	F16C	F16C/53	F16C/321
11000072	A	A61	A61C	A61C/03	A61C/167
11000073	Y	Y02	Y02A	Y02A/21	Y02A/571
11000073	B	B33	B33D	B33D/98	B33D/772
11000074	E	E21	E21B	E21B/46	E21B/895
11000075	D	D21	D21A	D21A/47	D21A/724
11000076	G	G06	G06A	G06A/53	G06A/943
11000077	G	G02	G02N	G02N/07	G02N/202
11000078	C	C07	C07D	C07D/42	C07D/309
11000078	F	F03	F03B	F03B/70	F03B/509
11000078	G	G01	G01B	G01B/43	G01B/130
11000079	H	H04	H04D	H04D/94	H04D/593
11000079	G	G06	G06N	G06N/72	G06N/544
11000080	G	G10	G10B	G10B/47	G10B/237
11000080	F	F16	F16D	F16D/14	F16D/919
11000081	D	D06	D06D	D06D/11	D06D/995
11000082	G	G01	G01N	G01N/36	G01N/497
11000083	C	C12	C12A	C12A/26	C12A/633
11000084	G	G10	G10K	G10K/48	G10K/488
11000084	C	C07	C07B	C07B/76	C07B/901
11000085	A	A61	A61K	A61K/19	A61K/852
11000086	Y	Y02	Y02B	Y02B/92	Y02B/831
11000087	F	F02	F02A	F02A/89	F02A/716
11000087	C	C01	C01B	C01B/43	C01B/739
11000087	D	D21	D21K	D21K/54	D21K/537
11000088	C	C01	C01K	C01K/42	C01K/437
11000088	Y	Y02	Y02B	Y02B/05	Y02B/523
11000089	G	G10	G10B	G10B/36	G10B/644
11000090	G	G10	G10C	G10C/14	G10C/230
11000091	A	A01	A01N	A01N/97	A01N/200
11000092	D	D06	D06A	D06A/30	D06A/391
11000092	B	B29	B29N	B29N/88	B29N/407
11000093	H	H02	H02B	H02B/29	H02B/631
11000093	A	A23	A23D	A23D/69	A23D/668
11000094	E	E04	E04K	E04K/94	E04K/314
11000095	B	B33	B33D	B33D/83	B33D/144
11000095	C	C07	C07B	C07B/72	C07B/636
11000095	D	D21	D21D	D21D/34	D21D/710
11000096	D	D06	D06A	D06A/04	D06A/338
11000096	G	G06	G06C	G06C/64	G06C/601
11000097	G	G02	G02A	G02A/31	G02A/112
11000097	Y	Y10	Y10A	Y10A/25	Y10A/925
11000098	D	D21	D21A	D21A/78	D21A/619
11000098	H	H04	H04A	H04A/07	H04A/969
11000099	E	E21	E21K	E21K/37	E21K/195
11000100	D	D06	D06B	D06B/94	D06B/838
11000101	D	D06	D06D	D06D/89	D06D/910
11000102	Y	Y10	Y10D	Y10D/96	Y10D/867
11000103	D	D21	D21D	D21D/11	D21D/415
11000103	H	H04	H04C	H04C/02	H04C/618
11000104	F	F16	F16N	F16N/43	F16N/460
11000104	H	H01	H01D	H01D/56	H01D/185
11000105	G	G01	G01N	G01N/47	G01N/193
11000106	G	G01	G01C	G01C/31	G01C/295
11000106	A	A23	A23A	A23A/12	A23A/809
11000107	F	F16	F16B	F16B/63	F16B/380
11000107	B	B60	B60N	B60N/90	B60N/944
11000108	H	H01	H01K	H01K/15	H01K/438
11000109	A	A23	A23A	A23A/39	A23A/328
11000110	Y	Y02	Y02C	Y02C/88	Y02C/465
11000110	B	B29	B29K	B29K/69	B29K/681
11000110	E	E02	E02C	E02C/48	E02C/973
11000111	Y	Y02	Y02N	Y02N/08	Y02N/798
11000112	H	H04	H04D	H04D/81	H04D/166
11000112	B	B60	B60K	B60K/79	B60K/947
11000113	D	D21	D21B	D21B/18	D21B/293
11000114	Y	Y02	Y02A	Y02A/63	Y02A/601
11000114	E	E04	E04A	E04A/10	E04A/123
11000114	D	D06	D06K	D06K/19	D06K/840
11000115	G	G01	G01D	G01D/12	G01D/962
11000115	E	E04	E04K	E04K/87	E04K/371
11000116	E	E21	E21K	E21K/72	E21K/203
11000117	E	E02	E02B	E02B/36	E02B/430
11000117	H	H01	H01K	H01K/68	H01K/491
11000118	C	C07	C07A	C07A/75	C07A/741
11000119	F	F16	F16K	F16K/42	F16K/279
11000119	G	G10	G10K	G10K/81	G10K/410
11000120	H	H01	H01B	H01B/39	H01B/347
11000121	G	G06	G06K	G06K/33	G06K/952
11000122	C	C01	C01A	C01A/98	C01A/927
11000123	H	H02	H02N	H02N/19	H02N/103
11000124	D	D06	D06C	D06C/68	D06C/455
11000125	F	F02	F02D	F02D/46	F02D/178
11000126	H	H02	H02C	H02C/18	H02C/427
11000126	D	D21	D21K	D21K/25	D21K/193
11000127	C	C01	C01A	C01A/36	C01A/575
11000127	E	E21	E21N	E21N/79	E21N/327
11000127	F	F03	F03N	F03N/41	F03N/721
11000128	B	B33	B33K	B33K/31	B33K/769
11000129	H	H02	H02D	H02D/93	H02D/986
11000129	F	F02	F02A	F02A/13	F02A/807
11000130	D	D21	D21N	D21N/13	D21N/905
11000130	C	C07	C07K	C07K/31	C07K/722
11000130	G	G01	G01D	G01D/46	G01D/455
11000131	B	B33	B33A	B33A/25	B33A/746
11000131	H	H04	H04D	H04D/91	H04D/995
11000132	C	C12	C12N	C12N/21	C12N/679
11000132	E	E21	E21K	E21K/23	E21K/572
11000132	G	G06	G06D	G06D/01	G06D/889
11000133	G	G01	G01C	G01C/29	G01C/154
11000133	F	F02	F02A	F02A/32	F02A/414
11000134	H	H04	H04B	H04B/09	H04B/469
11000135	B	B29	B29B	B29B/14	B29B/644
11000135	D	D06	D06A	D06A/02	D06A/723
11000136	E	E21	E21B	E21B/72	E21B/484
11000136	A	A23	A23C	A23C/46	A23C/395
11000136	D	D21	D21A	D21A/01	D21A/719
11000137	A	A01	A01B	A01B/16	A01B/496
11000137	H	H02	H02D	H02D/04	H02D/623
11000138	F	F03	F03N	F03N/95	F03N/493
11000139	D	D06	D06N	D06N/11	D06N/710
11000140	D	D21	D21C	D21C/05	D21C/359
11000141	H	H04	H04K	H04K/14	H04K/241
11000141	F	F02	F02D	F02D/74	F02D/967
11000141	C	C07	C07A	C07A/35	C07A/407
11000142	D	D06	D06K	D06K/27	D06K/180
11000142	E	E04	E04K	E04K/80	E04K/730
11000142	F	F02	F02K	F02K/49	F02K/807
11000143	B	B29	B29K	B29K/72	B29K/313
11000144	C	C07	C07N	C07N/75	C07N/338
11000145	C	C07	C07K	C07K/91	C07K/970
11000145	H	H04	H04D	H04D/08	H04D/638
11000145	A	A23	A23C	A23C/77	A23C/517
11000146	B	B60	B60N	B60N/23	B60N/184
11000147	H	H02	H02C	H02C/04	H02C/603
11000147	B	B29	B29N	B29N/85	B29N/173
11000148	G	G10	G10B	G10B/01	G10B/764
11000149	G	G01	G01K	G01K/33	G01K/773
11000149	E	E21	E21D	E21D/07	E21D/545
11000149	A	A01	A01D	A01D/20	A01D/141
11000150	Y	Y02	Y02K	Y02K/62	Y02K/292
11000151	F	F02	F02C	F02C/39	F02C/618
11000152	F	F02	F02A	F02A/36	F02A/624
11000153	A	A23	A23D	A23D/76	A23D/251
11000154	D	D21	D21K	D21K/83	D21K/378
11000154	B	B29	B29D	B29D/12	B29D/461
11000155	E	E04	E04B	E04B/30	E04B/288
11000156	B	B60	B60N	B60N/24	B60N/687
11000157	Y	Y02	Y02K	Y02K/66	Y02K/581
11000157	C	C07	C07C	C07C/91	C07C/727
11000158	C	C12	C12A	C12A/16	C12A/464
11000158	F	F02	F02C	F02C/50	F02C/743
11000159	D	D06	D06K	D06K/50	D06K/927
11000159	B	B60	B60C	B60C/02	B60C/458
11000160	B	B60	B60D	B60D/17	B60D/793
11000161	F	F03	F03K	F03K/33	F03K/145
11000162	G	G10	G10N	G10N/09	G10N/522
11000163	H	H04	H04K	H04K/99	H04K/341
11000163	B	B60	B60A	B60A/58	B60A/357
11000163	F	F16	F16C	F16C/56	F16C/456
11000164	G	G10	G10A	G10A/27	G10A/985
11000165	C	C12	C12B	C12B/18	C12B/204
11000165	G	G01	G01N	G01N/10	G01N/107
11000166	H	H02	H02C	H02C/45	H02C/292
11000166	G	G01	G01A	G01A/76	G01A/304
11000166	B	B33	B33B	B33B/76	B33B/181
11000167	C	C12	C12D	C12D/04	C12D/130
11000167	G	G01	G01C	G01C/48	G01C/284
11000167	E	E04	E04A	E04A/19	E04A/365
11000168	Y	Y02	Y02K	Y02K/25	Y02K/233
11000168	D	D21	D21D	D21D/79	D21D/483
11000168	H	H04	H04A	H04A/43	H04A/355
11000169	G	G02	G02N	G02N/78	G02N/590
11000169	H	H01	H01D	H01D/12	H01D/674
11000170	A	A61	A61B	A61B/14	A61B/557
11000170	B	B33	B33D	B33D/41	B33D/109
11000171	A	A61	A61A	A61A/11	A61A/844
11000172	A	A61	A61K	A61K/97	A61K/965
11000173	A	A61	A61B	A61B/73	A61B/394
11000174	Y	Y02	Y02K	Y02K/30	Y02K/289
11000174	D	D21	D21D	D21D/50	D21D/436
11000174	H	H02	H02N	H02N/25	H02N/806
11000175	C	C12	C12D	C12D/37	C12D/754
11000176	D	D21	D21N	D21N/46	D21N/638
11000177	F	F02	F02D	F02D/78	F02D/481
11000177	H	H04	H04D	H04D/94	H04D/593
11000177	E	E21	E21A	E21A/94	E21A/669
11000178	G	G01	G01B	G01B/38	G01B/442
11000179	B	B29	B29A	B29A/02	B29A/133
11000180	E	E02	E02D	E02D/48	E02D/103
11000180	A	A01	A01C	A01C/39	A01C/689
11000180	D	D06	D06A	D06A/30	D06A/532
11000181	G	G01	G01C	G01C/17	G01C/620
11000182	F	F03	F03D	F03D/68	F03D/957
11000183	A	A01	A01K	A01K/48	A01K/540
11000184	D	D06	D06C	D06C/98	D06C/855
11000184	A	A23	A23K	A23K/37	A23K/587
11000185	G	G10	G10C	G10C/03	G10C/246
11000186	B	B29	B29N	B29N/50	B29N/959
11000187	B	B60	B60D	B60D/33	B60D/150
11000187	D	D21	D21K	D21K/08	D21K/983
11000188	H	H01	H01N	H01N/01	H01N/280
11000188	C	C07	C07K	C07K/94	C07K/639
11000188	B	B29	B29N	B29N/25	B29N/431
11000189	D	D21	D21N	D21N/63	D21N/633
11000189	G	G10	G10D	G10D/37	G10D/677
11000190	E	E04	E04A	E04A/34	E04A/969
11000190	F	F02	F02C	F02C/55	F02C/446
11000190	H	H04	H04C	H04C/81	H04C/869
11000191	C	C12	C12A	C12A/83	C12A/846
11000191	E	E04	E04K	E04K/53	E04K/296
11000192	Y	Y02	Y02K	Y02K/55	Y02K/608
11000193	D	D21	D21N	D21N/26	D21N/880
11000193	G	G01	G01A	G01A/37	G01A/584
11000193	H	H02	H02N	H02N/98	H02N/697
11000194	A	A61	A61C	A61C/83	A61C/899
11000195	A	A01	A01K	A01K/44	A01K/279
11000196	E	E02	E02A	E02A/68	E02A/967
11000197	B	B29	B29K	B29K/21	B29K/440
11000198	C	C07	C07A	C07A/81	C07A/954
11000198	G	G02	G02B	G02B/51	G02B/386
11000198	D	D06	D06K	D06K/85	D06K/443
11000199	F	F03	F03D	F03D/86	F03D/190
11000199	G	G01	G01K	G01K/99	G01K/737
11000200	G	G06	G06C	G06C/29	G06C/474
11000200	E	E04	E04K	E04K/17	E04K/499
11000201	A	A23	A23N	A23N/94	A23N/796
11000201	F	F03	F03A	F03A/16	F03A/891
11000202	A	A23	A23B	A23B/32	A23B/864
11000202	C	C01	C01K	C01K/74	C01K/732
11000202	E	E21	E21K	E21K/22	E21K/935
11000203	A	A23	A23C	A23C/58	A23C/985
11000204	F	F03	F03K	F03K/75	F03K/806
11000205	F	F16	F16N	F16N/09	F16N/594
11000206	F	F02	F02B	F02B/44	F02B/511
11000206	C	C01	C01N	C01N/16	C01N/725
11000206	Y	Y02	Y02B	Y02B/68	Y02B/327
11000207	Y	Y02	Y02A	Y02A/82	Y02A/279
11000207	F	F02	F02D	F02D/93	F02D/714
11000208	D	D06	D06K	D06K/20	D06K/451
11000209	E	E21	E21C	E21C/79	E21C/772
11000210	G	G02	G02D	G02D/95	G02D/413
11000211	Y	Y10	Y10D	Y10D/11	Y10D/137
11000211	A	A01	A01C	A01C/25	A01C/569
11000212	H	H04	H04K	H04K/91	H04K/882
11000213	G	G01	G01K	G01K/16	G01K/596
11000213	H	H01	H01K	H01K/31	H01K/393
11000214	E	E02	E02C	E02C/42	E02C/281
11000214	A	A61	A61D	A61D/73	A61D/904
11000215	C	C01	C01B	C01B/23	C01B/497
11000215	B	B60	B60C	B60C/73	B60C/602
11000215	Y	Y02	Y02B	Y02B/43	Y02B/141
11000216	B	B29	B29B	B29B/15	B29B/843
11000216	E	E02	E02B	E02B/75	E02B/248
11000217	G	G06	G06N	G06N/30	G06N/414
11000218	A	A01	A01C	A01C/12	A01C/178
11000219	D	D06	D06A	D06A/95	D06A/745
11000219	A	A23	A23K	A23K/61	A23K/285
11000220	E	E04	E04N	E04N/03	E04N/739
11000221	C	C01	C01A	C01A/52	C01A/971
11000222	C	C01	C01D	C01D/93	C01D/968
11000222	H	H02	H02D	H02D/71	H02D/905
11000223	G	G02	G02K	G02K/14	G02K/385
11000223	B	B33	B33B	B33B/02	B33B/122
11000224	C	C07	C07C	C07C/04	C07C/755
11000224	A	A61	A61A	A61A/30	A61A/985
11000225	C	C07	C07C	C07C/10	C07C/584
11000225	H	H02	H02N	H02N/96	H02N/617
11000225	D	D06	D06N	D06N/63	D06N/688
11000226	Y	Y10	Y10A	Y10A/68	Y10A/745
11000227	G	G02	G02D	G02D/74	G02D/714
11000227	D	D06	D06K	D06K/70	D06K/918
11000228	A	A01	A01K	A01K/14	A01K/505
11000229	C	C12	C12A	C12A/28	C12A/269
11000230	A	A01	A01B	A01B/30	A01B/322
11000230	E	E04	E04C	E04C/19	E04C/980
11000230	G	G01	G01A	G01A/43	G01A/640
11000231	C	C12	C12D	C12D/52	C12D/401
11000232	G	G02	G02B	G02B/96	G02B/881
11000232	B	B33	B33D	B33D/03	B33D/409
11000233	G	G01	G01N	G01N/18	G01N/257
11000233	F	F16	F16A	F16A/63	F16A/100
11000233	D	D06	D06D	D06D/96	D06D/302
11000234	B	B29	B29K	B29K/61	B29K/665
11000234	F	F03	F03A	F03A/17	F03A/467
11000235	F	F03	F03K	F03K/05	F03K/700
11000235	C	C07	C07N	C07N/54	C07N/228
11000235	D	D21	D21C	D21C/55	D21C/920
11000236	E	E02	E02B	E02B/33	E02B/982
11000236	D	D21	D21A	D21A/38	D21A/283
11000237	A	A23	A23A	A23A/23	A23A/361
11000238	C	C12	C12A	C12A/78	C12A/911
11000238	G	G06	G06A	G06A/82	G06A/516
11000239	B	B33	B33A	B33A/61	B33A/450
11000239	A	A01	A01N	A01N/25	A01N/388
11000239	D	D06	D06B	D06B/91	D06B/305
11000240	A	A23	A23D	A23D/79	A23D/770
11000241	E	E21	E21B	E21B/67	E21B/243
11000241	C	C01	C01N	C01N/91	C01N/427
11000241	G	G10	G10B	G10B/60	G10B/878
11000242	E	E02	E02B	E02B/64	E02B/239
11000243	A	A23	A23B	A23B/08	A23B/807
11000243	F	F02	F02A	F02A/32	F02A/325
11000244	E	E21	E21B	E21B/37	E21B/201
11000245	H	H01	H01N	H01N/35	H01N/899
11000245	F	F16	F16A	F16A/32	F16A/963
11000246	F	F02	F02C	F02C/19	F02C/649
11000247	C	C07	C07A	C07A/22	C07A/556
11000248	H	H04	H04B	H04B/84	H04B/165
11000249	G	G02	G02B	G02B/97	G02B/264
11000249	C	C12	C12C	C12C/19	C12C/813
11000250	G	G01	G01K	G01K/71	G01K/221
11000250	D	D06	D06D	D06D/29	D06D/238
11000250	E	E04	E04D	E04D/39	E04D/295
11000251	C	C01	C01A	C01A/30	C01A/955
11000252	E	E21	E21C	E21C/03	E21C/513
11000253	B	B60	B60N	B60N/36	B60N/976
11000253	Y	Y10	Y10B	Y10B/56	Y10B/393
11000253	G	G01	G01N	G01N/09	G01N/216
11000254	C	C01	C01C	C01C/58	C01C/428
11000255	B	B33	B33B	B33B/89	B33B/487
11000256	A	A23	A23A	A23A/30	A23A/507
11000256	E	E04	E04D	E04D/54	E04D/972
11000257	B	B33	B33B	B33B/49	B33B/125
11000257	Y	Y10	Y10N	Y10N/11	Y10N/123
11000258	F	F16	F16B	F16B/12	F16B/605
11000258	H	H01	H01D	H01D/19	H01D/553
11000258	D	D06	D06A	D06A/89	D06A/695
11000259	Y	Y02	Y02K	Y02K/26	Y02K/304
11000259	D	D06	D06B	D06B/60	D06B/650
11000260	B	B60	B60D	B60D/71	B60D/871
11000261	F	F16	F16B	F16B/59	F16B/780
11000261	C	C01	C01N	C01N/44	C01N/898
11000262	G	G01	G01D	G01D/12	G01D/458
11000262	Y	Y10	Y10N	Y10N/70	Y10N/839
11000263	A	A01	A01K	A01K/92	A01K/579
11000264	H	H02	H02A	H02A/91	H02A/596
11000265	H	H04	H04A	H04A/20	H04A/351
11000266	E	E02	E02C	E02C/95	E02C/311
11000267	E	E04	E04B	E04B/56	E04B/534
11000267	B	B33	B33C	B33C/20	B33C/445
11000267	Y	Y02	Y02D	Y02D/33	Y02D/853
11000268	F	F16	F16B	F16B/03	F16B/430
11000268	D	D21	D21D	D21D/84	D21D/742
11000269	G	G02	G02N	G02N/91	G02N/100
11000269	C	C01	C01K	C01K/97	C01K/833
11000270	G	G02	G02B	G02B/13	G02B/697
11000271	D	D06	D06A	D06A/58	D06A/956
11000271	A	A61	A61B	A61B/51	A61B/666
11000272	C	C07	C07C	C07C/30	C07C/250
11000273	H	H01	H01A	H01A/06	H01A/662
11000273	E	E04	E04B	E04B/36	E04B/252
11000273	G	G10	G10C	G10C/19	G10C/272
11000274	G	G01	G01A	G01A/48	G01A/112
11000275	D	D06	D06C	D06C/34	D06C/117
11000275	G	G10	G10N	G10N/04	G10N/976
11000276	A	A01	A01B	A01B/28	A01B/283
11000276	D	D06	D06A	D06A/51	D06A/449
11000276	G	G01	G01C	G01C/10	G01C/631
11000277	C	C01	C01K	C01K/24	C01K/133
11000277	E	E21	E21C	E21C/07	E21C/519
11000278	F	F16	F16K	F16K/16	F16K/653
11000278	H	H01	H01N	H01N/42	H01N/177
11000279	F	F03	F03K	F03K/31	F03K/272
11000279	E	E02	E02B	E02B/92	E02B/444
11000280	E	E02	E02A	E02A/51	E02A/985
11000281	H	H04	H04C	H04C/50	H04C/784
11000282	B	B29	B29A	B29A/43	B29A/831
11000283	B	B60	B60A	B60A/51	B60A/711
11000283	E	E02	E02D	E02D/82	E02D/335
11000284	D	D06	D06A	D06A/97	D06A/416
11000285	B	B33	B33K	B33K/77	B33K/785
11000285	D	D06	D06B	D06B/41	D06B/691
11000285	E	E04	E04B	E04B/50	E04B/223
11000286	D	D06	D06C	D06C/14	D06C/640
11000286	B	B60	B60N	B60N/99	B60N/409
11000287	D	D21	D21D	D21D/16	D21D/466
11000288	G	G02	G02A	G02A/41	G02A/973
11000289	G	G02	G02A	G02A/22	G02A/888
11000290	A	A61	A61K	A61K/99	A61K/881
11000291	H	H01	H01D	H01D/23	H01D/871
11000292	A	A23	A23C	A23C/20	A23C/294
11000293	G	G02	G02B	G02B/29	G02B/899
11000294	Y	Y10	Y10D	Y10D/22	Y10D/434
11000295	D	D06	D06D	D06D/03	D06D/740
11000295	A	A01	A01D	A01D/05	A01D/142
11000296	A	A61	A61A	A61A/31	A61A/655
11000296	Y	Y02	Y02B	Y02B/83	Y02B/710
11000296	D	D06	D06A	D06A/44	D06A/796
11000297	H	H02	H02B	H02B/29	H02B/474
11000298	Y	Y10	Y10K	Y10K/08	Y10K/509
11000298	B	B29	B29N	B29N/16	B29N/233
11000299	G	G06	G06D	G06D/10	G06D/616
11000300	E	E02	E02D	E02D/55	E02D/229
11000301	G	G06	G06D	G06D/40	G06D/657
11000301	Y	Y10	Y10C	Y10C/31	Y10C/940
11000302	A	A23	A23K	A23K/46	A23K/818
11000303	H	H02	H02K	H02K/20	H02K/505
11000304	B	B60	B60D	B60D/07	B60D/167
11000305	C	C12	C12D	C12D/51	C12D/444
11000306	D	D06	D06C	D06C/58	D06C/541
11000307	E	E02	E02A	E02A/14	E02A/158
11000308	B	B60	B60A	B60A/96	B60A/339
11000309	B	B29	B29C	B29C/36	B29C/421
11000309	C	C12	C12D	C12D/22	C12D/165
11000310	E	E02	E02N	E02N/37	E02N/697
11000311	D	D06	D06N	D06N/30	D06N/366
11000312	H	H02	H02N	H02N/28	H02N/731
11000313	D	D21	D21A	D21A/36	D21A/858
11000314	A	A01	A01B	A01B/06	A01B/506
11000315	E	E04	E04B	E04B/39	E04B/979
11000315	B	B33	B33N	B33N/64	B33N/445
11000315	C	C01	C01N	C01N/41	C01N/919
11000316	D	D06	D06K	D06K/29	D06K/704
11000317	Y	Y10	Y10B	Y10B/71	Y10B/414
11000318	C	C12	C12N	C12N/49	C12N/650
11000319	F	F02	F02D	F02D/76	F02D/548
11000320	F	F03	F03B	F03B/95	F03B/372
11000320	H	H02	H02K	H02K/23	H02K/271
11000320	D	D21	D21B	D21B/74	D21B/596
11000321	H	H04	H04A	H04A/04	H04A/278
11000322	E	E21	E21D	E21D/28	E21D/880
11000323	F	F16	F16C	F16C/66	F16C/489
11000324	H	H01	H01D	H01D/66	H01D/302
11000324	C	C12	C12K	C12K/34	C12K/274
11000324	E	E04	E04N	E04N/42	E04N/894
11000325	F	F02	F02B	F02B/58	F02B/816
11000326	E	E04	E04D	E04D/87	E04D/125
11000327	H	H01	H01A	H01A/06	H01A/734
11000327	A	A01	A01B	A01B/61	A01B/610
11000328	F	F03	F03B	F03B/75	F03B/616
11000329	G	G06	G06K	G06K/53	G06K/800
11000329	C	C12	C12B	C12B/86	C12B/833
11000330	H	H04	H04A	H04A/20	H04A/548
11000331	D	D21	D21D	D21D/38	D21D/911
11000332	G	G06	G06K	G06K/42	G06K/961
11000332	F	F16	F16C	F16C/62	F16C/674
11000332	H	H04	H04C	H04C/14	H04C/265
11000333	H	H04	H04K	H04K/42	H04K/162
11000334	D	D21	D21D	D21D/77	D21D/211
11000334	Y	Y02	Y02A	Y02A/48	Y02A/953
11000334	A	A23	A23A	A23A/09	A23A/436
11000335	E	E04	E04N	E04N/64	E04N/233
11000335	F	F16	F16D	F16D/15	F16D/192
11000335	Y	Y10	Y10B	Y10B/81	Y10B/308
11000336	H	H04	H04B	H04B/92	H04B/831
11000337	C	C07	C07B	C07B/35	C07B/920
11000338	B	B29	B29A	B29A/27	B29A/329
11000338	G	G06	G06D	G06D/16	G06D/531
11000339	H	H04	H04A	H04A/88	H04A/449
11000339	E	E21	E21N	E21N/76	E21N/539
11000339	A	A01	A01N	A01N/29	A01N/831
11000340	G	G06	G06C	G06C/04	G06C/868
11000340	Y	Y10	Y10D	Y10D/69	Y10D/104
11000340	H	H02	H02C	H02C/56	H02C/111
11000341	D	D21	D21C	D21C/81	D21C/320
11000341	G	G06	G06A	G06A/90	G06A/553
11000342	G	G06	G06C	G06C/02	G06C/987
11000342	A	A01	A01C	A01C/60	A01C/176
11000342	F	F03	F03B	F03B/54	F03B/246
11000343	F	F02	F02N	F02N/73	F02N/649
11000344	Y	Y02	Y02K	Y02K/86	Y02K/648
11000345	C	C01	C01N	C01N/45	C01N/870
11000346	G	G01	G01N	G01N/35	G01N/282
11000347	B	B33	B33A	B33A/29	B33A/339
11000348	H	H04	H04K	H04K/33	H04K/596
11000348	F	F03	F03B	F03B/43	F03B/600
11000348	D	D06	D06A	D06A/89	D06A/361
11000349	C	C12	C12C	C12C/38	C12C/436
11000350	A	A01	A01N	A01N/57	A01N/878
11000350	Y	Y02	Y02A	Y02A/72	Y02A/132
11000351	E	E21	E21B	E21B/63	E21B/616
11000352	E	E21	E21A	E21A/05	E21A/312
11000353	B	B60	B60A	B60A/89	B60A/537
11000353	E	E21	E21C	E21C/58	E21C/228
11000354	D	D21	D21K	D21K/40	D21K/651
11000354	A	A23	A23B	A23B/36	A23B/164
11000355	F	F16	F16C	F16C/36	F16C/617
11000356	C	C12	C12A	C12A/54	C12A/132
11000357	B	B60	B60N	B60N/22	B60N/180
11000357	Y	Y10	Y10A	Y10A/88	Y10A/880
11000358	B	B33	B33K	B33K/10	B33K/725
11000358	H	H04	H04C	H04C/70	H04C/705
11000358	G	G06	G06A	G06A/04	G06A/433
11000359	F	F03	F03C	F03C/96	F03C/372
11000360	A	A01	A01N	A01N/45	A01N/332
11000360	Y	Y02	Y02N	Y02N/58	Y02N/396
11000361	H	H02	H02D	H02D/06	H02D/881
11000362	G	G06	G06D	G06D/04	G06D/848
11000362	C	C01	C01K	C01K/23	C01K/100
11000362	H	H04	H04N	H04N/53	H04N/170
11000363	Y	Y02	Y02A	Y02A/71	Y02A/884
11000364	A	A61	A61C	A61C/70	A61C/160
11000365	D	D21	D21B	D21B/90	D21B/666
11000366	G	G10	G10C	G10C/73	G10C/121
11000367	A	A01	A01K	A01K/16	A01K/490
11000368	E	E02	E02C	E02C/80	E02C/564
11000369	G	G01	G01N	G01N/14	G01N/196
11000370	C	C07	C07K	C07K/88	C07K/499
11000370	H	H04	H04C	H04C/76	H04C/315
11000370	A	A01	A01A	A01A/63	A01A/311
11000371	A	A01	A01A	A01A/78	A01A/925
11000372	G	G01	G01N	G01N/90	G01N/939
11000373	B	B60	B60C	B60C/68	B60C/199
11000373	Y	Y02	Y02N	Y02N/59	Y02N/234
11000374	H	H02	H02A	H02A/05	H02A/713
11000374	F	F03	F03C	F03C/44	F03C/386
11000375	A	A23	A23K	A23K/63	A23K/864
11000375	B	B29	B29B	B29B/99	B29B/948
11000376	B	B29	B29B	B29B/47	B29B/606
11000377	A	A23	A23B	A23B/43	A23B/852
11000378	C	C07	C07K	C07K/74	C07K/187
11000378	Y	Y10	Y10N	Y10N/34	Y10N/857
11000379	F	F16	F16K	F16K/97	F16K/677
11000379	G	G10	G10B	G10B/77	G10B/126
11000380	D	D21	D21A	D21A/17	D21A/906
11000381	H	H04	H04D	H04D/18	H04D/872
11000382	D	D21	D21D	D21D/62	D21D/611
11000382	F	F03	F03B	F03B/15	F03B/677
11000383	A	A61	A61C	A61C/48	A61C/822
11000383	D	D06	D06D	D06D/50	D06D/264
11000383	B	B33	B33N	B33N/76	B33N/176
11000384	F	F16	F16D	F16D/03	F16D/833
11000384	A	A23	A23N	A23N/02	A23N/276
11000385	D	D21	D21A	D21A/02	D21A/343
11000386	A	A61	A61K	A61K/80	A61K/758
11000386	B	B60	B60C	B60C/13	B60C/739
11000387	D	D21	D21C	D21C/58	D21C/534
11000388	F	F02	F02B	F02B/22	F02B/724
11000389	G	G02	G02D	G02D/41	G02D/129
11000389	B	B29	B29C	B29C/70	B29C/906
11000390	D	D21	D21A	D21A/34	D21A/790
11000390	C	C01	C01K	C01K/38	C01K/187
11000391	A	A61	A61N	A61N/16	A61N/177
11000392	G	G01	G01C	G01C/91	G01C/953
11000393	C	C07	C07N	C07N/96	C07N/969
11000393	H	H02	H02B	H02B/19	H02B/787
11000394	B	B33	B33A	B33A/22	B33A/982
11000395	E	E21	E21D	E21D/49	E21D/422
11000395	Y	Y10	Y10N	Y10N/11	Y10N/307
11000396	G	G02	G02C	G02C/24	G02C/616
11000397	D	D06	D06K	D06K/32	D06K/897
11000397	E	E21	E21A	E21A/68	E21A/478
11000398	B	B29	B29A	B29A/15	B29A/757
11000399	B	B60	B60K	B60K/41	B60K/984
11000399	Y	Y10	Y10K	Y10K/48	Y10K/504
11000399	A	A61	A61A	A61A/32	A61A/701
11000400	Y	Y10	Y10D	Y10D/85	Y10D/651
11000401	E	E04	E04K	E04K/08	E04K/821
11000401	H	H04	H04K	H04K/12	H04K/585
11000402	F	F03	F03K	F03K/37	F03K/229
11000402	Y	Y02	Y02K	Y02K/82	Y02K/505
11000403	A	A01	A01A	A01A/29	A01A/821
11000403	E	E02	E02B	E02B/52	E02B/188
11000404	D	D21	D21C	D21C/27	D21C/610
11000404	F	F03	F03A	F03A/18	F03A/744
11000405	A	A23	A23A	A23A/99	A23A/476
11000405	F	F16	F16C	F16C/40	F16C/366
11000405	H	H04	H04N	H04N/12	H04N/443
11000406	G	G02	G02A	G02A/51	G02A/326
11000407	G	G01	G01K	G01K/90	G01K/580
11000407	F	F03	F03B	F03B/43	F03B/379
11000408	A	A01	A01K	A01K/60	A01K/100
11000409	D	D21	D21C	D21C/73	D21C/328
11000409	E	E21	E21C	E21C/80	E21C/526
11000410	A	A01	A01K	A01K/80	A01K/788
11000410	G	G06	G06K	G06K/68	G06K/251
11000410	H	H04	H04B	H04B/09	H04B/237
11000411	D	D06	D06D	D06D/09	D06D/585
11000411	F	F03	F03D	F03D/69	F03D/737
11000412	E	E04	E04A	E04A/92	E04A/518
11000413	Y	Y10	Y10C	Y10C/28	Y10C/472
11000413	E	E21	E21C	E21C/55	E21C/766
11000414	F	F02	F02C	F02C/17	F02C/731
11000415	E	E21	E21A	E21A/27	E21A/160
11000415	H	H01	H01K	H01K/46	H01K/799
11000416	Y	Y02	Y02A	Y02A/89	Y02A/205
11000417	D	D21	D21A	D21A/57	D21A/160
11000418	C	C01	C01A	C01A/84	C01A/940
11000418	G	G01	G01N	G01N/01	G01N/668
11000419	E	E21	E21C	E21C/94	E21C/493
11000420	H	H01	H01N	H01N/18	H01N/932
11000420	Y	Y02	Y02N	Y02N/69	Y02N/197
11000421	A	A23	A23N	A23N/63	A23N/700
11000422	G	G02	G02C	G02C/03	G02C/692
11000422	B	B33	B33B	B33B/79	B33B/987
11000422	F	F03	F03B	F03B/56	F03B/479
11000423	C	C12	C12N	C12N/21	C12N/824
11000424	C	C01	C01N	C01N/18	C01N/293
11000425	B	B60	B60A	B60A/42	B60A/255
11000425	H	H01	H01N	H01N/46	H01N/550
11000425	F	F16	F16D	F16D/98	F16D/516
11000426	D	D06	D06C	D06C/91	D06C/179
11000426	G	G10	G10B	G10B/03	G10B/752
11000427	B	B33	B33D	B33D/87	B33D/751
11000427	A	A61	A61C	A61C/12	A61C/128
11000428	C	C07	C07K	C07K/21	C07K/907
11000428	B	B60	B60K	B60K/74	B60K/627
11000428	G	G10	G10K	G10K/75	G10K/400
11000429	A	A61	A61A	A61A/90	A61A/919
11000430	B	B33	B33A	B33A/72	B33A/731
11000430	G	G06	G06N	G06N/62	G06N/940
11000431	A	A01	A01D	A01D/10	A01D/922
11000431	Y	Y02	Y02N	Y02N/87	Y02N/263
11000432	C	C12	C12K	C12K/08	C12K/294
11000433	Y	Y02	Y02A	Y02A/92	Y02A/249
11000434	E	E21	E21B	E21B/69	E21B/781
11000434	C	C12	C12B	C12B/13	C12B/160
11000435	Y	Y02	Y02A	Y02A/75	Y02A/412
11000435	E	E04	E04D	E04D/93	E04D/767
11000435	G	G06	G06A	G06A/38	G06A/374
11000436	Y	Y02	Y02C	Y02C/31	Y02C/297
11000436	E	E21	E21K	E21K/99	E21K/837
11000437	F	F16	F16A	F16A/34	F16A/302
11000438	Y	Y02	Y02C	Y02C/62	Y02C/912
11000438	H	H04	H04C	H04C/21	H04C/817
11000439	G	G06	G06K	G06K/63	G06K/894
11000439	C	C07	C07C	C07C/46	C07C/201
11000440	G	G02	G02K	G02K/87	G02K/946
11000440	F	F03	F03N	F03N/12	F03N/541
11000441	E	E02	E02C	E02C/76	E02C/163
11000442	E	E21	E21K	E21K/86	E21K/279
11000443	A	A23	A23A	A23A/02	A23A/775
11000443	Y	Y02	Y02K	Y02K/71	Y02K/116
11000443	H	H04	H04N	H04N/55	H04N/144
11000444	G	G02	G02B	G02B/08	G02B/855
11000444	D	D21	D21D	D21D/47	D21D/115
11000445	Y	Y02	Y02B	Y02B/91	Y02B/181
11000445	E	E21	E21N	E21N/36	E21N/511
11000445	B	B33	B33B	B33B/64	B33B/777
11000446	D	D21	D21C	D21C/39	D21C/527
11000446	Y	Y02	Y02N	Y02N/71	Y02N/471
11000446	C	C01	C01B	C01B/03	C01B/943
11000447	E	E04	E04A	E04A/73	E04A/153
11000448	E	E21	E21N	E21N/94	E21N/192
11000449	G	G06	G06D	G06D/51	G06D/249
11000449	D	D21	D21K	D21K/53	D21K/259
11000449	B	B33	B33B	B33B/20	B33B/914
11000450	B	B33	B33A	B33A/45	B33A/306
11000450	E	E21	E21K	E21K/62	E21K/218
11000451	Y	Y02	Y02B	Y02B/60	Y02B/858
11000451	C	C07	C07A	C07A/09	C07A/323
11000451	E	E02	E02C	E02C/31	E02C/695
11000452	G	G10	G10B	G10B/82	G10B/560
11000453	E	E21	E21K	E21K/88	E21K/943
11000454	C	C12	C12B	C12B/46	C12B/705
11000454	G	G02	G02A	G02A/61	G02A/208
11000455	C	C07	C07B	C07B/36	C07B/291
11000455	G	G01	G01D	G01D/72	G01D/508
11000456	Y	Y02	Y02D	Y02D/10	Y02D/583
11000456	D	D06	D06B	D06B/45	D06B/140
11000457	H	H02	H02A	H02A/37	H02A/226
11000458	H	H04	H04D	H04D/24	H04D/260
11000459	G	G01	G01N	G01N/51	G01N/529
11000459	F	F02	F02K	F02K/84	F02K/251
11000460	E	E02	E02B	E02B/09	E02B/834
11000461	C	C12	C12A	C12A/40	C12A/528
11000461	Y	Y10	Y10C	Y10C/16	Y10C/808
11000462	C	C01	C01N	C01N/33	C01N/920
11000462	Y	Y10	Y10D	Y10D/62	Y10D/779
11000463	C	C12	C12A	C12A/17	C12A/728
11000464	F	F16	F16D	F16D/32	F16D/436
11000465	E	E02	E02C	E02C/18	E02C/878
11000465	H	H02	H02K	H02K/97	H02K/722
11000466	B	B33	B33C	B33C/05	B33C/931
11000467	F	F16	F16D	F16D/44	F16D/247
11000468	A	A01	A01D	A01D/55	A01D/292
11000468	F	F02	F02N	F02N/11	F02N/210
11000469	D	D06	D06B	D06B/66	D06B/925
11000469	G	G06	G06K	G06K/88	G06K/821
11000469	Y	Y02	Y02N	Y02N/93	Y02N/109
11000470	D	D06	D06C	D06C/70	D06C/184
11000471	H	H01	H01A	H01A/89	H01A/546
11000472	E	E21	E21K	E21K/61	E21K/300
11000472	F	F16	F16N	F16N/70	F16N/415
11000473	G	G10	G10C	G10C/30	G10C/304
11000474	G	G01	G01C	G01C/86	G01C/846
11000474	B	B60	B60D	B60D/64	B60D/339
11000474	Y	Y10	Y10B	Y10B/90	Y10B/620
11000475	F	F16	F16K	F16K/57	F16K/341
11000475	C	C01	C01K	C01K/41	C01K/221
11000476	F	F03	F03A	F03A/40	F03A/645
11000476	G	G06	G06A	G06A/69	G06A/953
11000477	D	D06	D06D	D06D/01	D06D/844
11000477	A	A23	A23A	A23A/34	A23A/526
11000477	C	C01	C01A	C01A/02	C01A/908
11000478	A	A61	A61A	A61A/90	A61A/423
11000479	D	D21	D21C	D21C/19	D21C/176
11000479	C	C12	C12K	C12K/80	C12K/179
11000479	F	F03	F03A	F03A/91	F03A/961
11000480	A	A23	A23N	A23N/02	A23N/392
11000480	G	G02	G02B	G02B/25	G02B/507
11000481	H	H01	H01K	H01K/68	H01K/630
11000481	A	A23	A23K	A23K/31	A23K/245
11000482	Y	Y10	Y10A	Y10A/20	Y10A/419
11000483	D	D06	D06D	D06D/42	D06D/757
11000483	A	A01	A01K	A01K/72	A01K/166
11000484	D	D06	D06C	D06C/64	D06C/194
11000485	H	H01	H01N	H01N/49	H01N/235
11000485	Y	Y10	Y10N	Y10N/06	Y10N/782
11000486	Y	Y02	Y02C	Y02C/42	Y02C/717
11000486	D	D06	D06C	D06C/56	D06C/654
11000487	A	A61	A61N	A61N/18	A61N/947
11000488	E	E21	E21K	E21K/47	E21K/142
11000488	B	B33	B33K	B33K/69	B33K/670
11000489	C	C07	C07D	C07D/70	C07D/792
11000490	G	G02	G02K	G02K/23	G02K/275
11000490	Y	Y02	Y02A	Y02A/97	Y02A/930
11000491	B	B33	B33B	B33B/26	B33B/204
11000492	E	E02	E02D	E02D/04	E02D/345
11000492	B	B60	B60C	B60C/77	B60C/801
11000493	C	C07	C07C	C07C/51	C07C/848
11000493	F	F03	F03K	F03K/84	F03K/987
11000494	F	F03	F03N	F03N/07	F03N/772
11000495	G	G01	G01C	G01C/33	G01C/293
11000495	H	H01	H01B	H01B/11	H01B/192
11000496	C	C07	C07N	C07N/45	C07N/419
11000497	C	C07	C07A	C07A/54	C07A/599
11000498	A	A23	A23K	A23K/42	A23K/956
11000498	G	G01	G01A	G01A/98	G01A/331
11000498	E	E21	E21D	E21D/15	E21D/324
11000499	Y	Y10	Y10K	Y10K/65	Y10K/705
11000499	E	E02	E02B	E02B/95	E02B/830
11000500	H	H01	H01B	H01B/46	H01B/140
11000500	Y	Y02	Y02A	Y02A/43	Y02A/474
11000501	F	F02	F02B	F02B/04	F02B/581
11000502	Y	Y10	Y10N	Y10N/83	Y10N/705
11000502	G	G02	G02D	G02D/88	G02D/770
11000503	Y	Y10	Y10B	Y10B/17	Y10B/522
11000503	E	E04	E04K	E04K/07	E04K/863
11000504	C	C12	C12C	C12C/08	C12C/252
11000505	Y	Y02	Y02N	Y02N/07	Y02N/620
11000506	G	G10	G10D	G10D/94	G10D/638
11000506	B	B60	B60B	B60B/69	B60B/945
11000506	D	D06	D06B	D06B/78	D06B/657
11000507	A	A61	A61K	A61K/71	A61K/605
11000507	C	C07	C07B	C07B/35	C07B/881
11000508	F	F02	F02K	F02K/30	F02K/653
11000509	Y	Y10	Y10C	Y10C/56	Y10C/715
11000509	G	G10	G10A	G10A/75	G10A/895
11000510	C	C12	C12D	C12D/87	C12D/176
11000510	Y	Y02	Y02D	Y02D/86	Y02D/551
11000511	C	C12	C12B	C12B/46	C12B/997
11000511	F	F02	F02B	F02B/20	F02B/480
11000511	G	G06	G06N	G06N/16	G06N/486
11000512	E	E02	E02C	E02C/61	E02C/890
11000513	F	F16	F16A	F16A/24	F16A/457
11000514	H	H04	H04K	H04K/66	H04K/646
11000514	F	F02	F02K	F02K/79	F02K/209
11000515	D	D06	D06B	D06B/95	D06B/923
11000516	C	C01	C01B	C01B/57	C01B/237
11000516	G	G10	G10N	G10N/96	G10N/431
11000517	D	D06	D06N	D06N/91	D06N/657
11000518	F	F02	F02B	F02B/58	F02B/204
11000518	E	E21	E21C	E21C/76	E21C/644
11000518	D	D21	D21A	D21A/22	D21A/128
11000519	A	A01	A01N	A01N/81	A01N/685
11000520	C	C01	C01N	C01N/21	C01N/557
11000520	F	F16	F16K	F16K/42	F16K/612
11000521	F	F03	F03A	F03A/91	F03A/475
11000522	Y	Y02	Y02D	Y02D/60	Y02D/618
11000523	H	H01	H01D	H01D/55	H01D/306
11000524	E	E04	E04C	E04C/48	E04C/609
11000525	Y	Y02	Y02C	Y02C/48	Y02C/459
11000525	H	H02	H02A	H02A/37	H02A/532
11000525	B	B33	B33C	B33C/39	B33C/293
11000526	B	B29	B29A	B29A/67	B29A/773
11000526	G	G01	G01A	G01A/16	G01A/440
11000527	H	H02	H02N	H02N/88	H02N/879
11000527	Y	Y10	Y10N	Y10N/02	Y10N/760
11000528	H	H04	H04D	H04D/36	H04D/986
11000528	Y	Y02	Y02C	Y02C/66	Y02C/729
11000529	C	C01	C01B	C01B/43	C01B/258
11000530	H	H04	H04B	H04B/24	H04B/818
11000530	D	D06	D06K	D06K/37	D06K/642
11000531	F	F16	F16K	F16K/96	F16K/711
11000532	C	C01	C01C	C01C/26	C01C/707
11000532	A	A01	A01C	A01C/15	A01C/250
11000532	H	H04	H04A	H04A/26	H04A/474
11000533	C	C12	C12N	C12N/95	C12N/672
11000533	E	E21	E21K	E21K/30	E21K/936
11000534	Y	Y10	Y10B	Y10B/07	Y10B/659
11000534	A	A61	A61K	A61K/19	A61K/897
11000535	E	E04	E04D	E04D/93	E04D/488
11000536	B	B29	B29K	B29K/75	B29K/528
11000537	A	A01	A01C	A01C/35	A01C/463
11000537	D	D06	D06N	D06N/21	D06N/404
11000538	A	A61	A61K	A61K/58	A61K/110
11000538	C	C01	C01D	C01D/68	C01D/768
11000539	B	B29	B29K	B29K/16	B29K/326
11000540	H	H02	H02B	H02B/81	H02B/978
11000540	A	A23	A23K	A23K/68	A23K/330
11000540	C	C01	C01D	C01D/35	C01D/218
11000541	E	E02	E02D	E02D/57	E02D/821
11000541	D	D06	D06D	D06D/85	D06D/793
11000542	Y	Y02	Y02K	Y02K/76	Y02K/647
11000542	A	A23	A23A	A23A/03	A23A/547
11000543	G	G01	G01B	G01B/98	G01B/515
11000544	Y	Y10	Y10B	Y10B/09	Y10B/507
11000545	G	G01	G01K	G01K/90	G01K/668
11000545	D	D06	D06N	D06N/61	D06N/185
11000546	B	B60	B60D	B60D/70	B60D/142
11000546	H	H01	H01D	H01D/21	H01D/984
11000546	E	E04	E04D	E04D/83	E04D/851
11000547	B	B29	B29C	B29C/49	B29C/184
11000548	B	B60	B60B	B60B/05	B60B/156
11000549	D	D21	D21K	D21K/51	D21K/193
11000549	E	E02	E02D	E02D/48	E02D/872
11000550	G	G10	G10N	G10N/58	G10N/578
11000550	H	H02	H02K	H02K/64	H02K/166
11000551	E	E04	E04K	E04K/24	E04K/272
11000551	A	A61	A61D	A61D/90	A61D/515
11000552	H	H04	H04N	H04N/15	H04N/413
11000553	B	B60	B60N	B60N/30	B60N/335
11000553	F	F03	F03C	F03C/71	F03C/319
11000554	E	E21	E21B	E21B/34	E21B/625
11000555	C	C01	C01A	C01A/80	C01A/158
11000555	E	E21	E21K	E21K/20	E21K/417
11000556	C	C07	C07C	C07C/76	C07C/274
11000556	F	F02	F02C	F02C/76	F02C/866
11000557	B	B33	B33N	B33N/92	B33N/338
11000557	F	F16	F16K	F16K/16	F16K/101
11000558	B	B60	B60K	B60K/58	B60K/675
11000558	Y	Y10	Y10K	Y10K/39	Y10K/637
11000559	H	H01	H01N	H01N/27	H01N/753
11000560	H	H02	H02N	H02N/28	H02N/208
11000561	B	B33	B33D	B33D/70	B33D/455
11000561	F	F02	F02D	F02D/67	F02D/461
11000562	F	F02	F02D	F02D/59	F02D/605
11000562	D	D06	D06N	D06N/22	D06N/544
11000563	H	H04	H04D	H04D/27	H04D/272
11000564	F	F03	F03N	F03N/53	F03N/294
11000565	F	F02	F02C	F02C/40	F02C/644
11000566	Y	Y02	Y02K	Y02K/09	Y02K/270
11000567	E	E21	E21C	E21C/36	E21C/167
11000568	Y	Y02	Y02C	Y02C/83	Y02C/392
11000569	C	C12	C12D	C12D/11	C12D/532
11000570	C	C07	C07A	C07A/08	C07A/107
11000570	H	H04	H04A	H04A/27	H04A/591
11000570	E	E02	E02N	E02N/36	E02N/682
11000571	A	A61	A61B	A61B/44	A61B/767
11000571	H	H01	H01N	H01N/53	H01N/780
11000571	Y	Y10	Y10A	Y10A/40	Y10A/692
11000572	A	A01	A01N	A01N/65	A01N/891
11000573	G	G02	G02C	G02C/02	G02C/239
11000573	Y	Y10	Y10K	Y10K/28	Y10K/968
11000574	A	A23	A23C	A23C/04	A23C/463
11000575	A	A61	A61A	A61A/97	A61A/510
11000575	G	G06	G06B	G06B/51	G06B/462
11000575	B	B33	B33K	B33K/17	B33K/481
11000576	C	C01	C01A	C01A/26	C01A/851
11000576	H	H04	H04N	H04N/56	H04N/213
11000577	B	B33	B33A	B33A/43	B33A/929
11000577	D	D21	D21K	D21K/59	D21K/651
11000578	D	D06	D06A	D06A/16	D06A/906
11000579	C	C07	C07K	C07K/61	C07K/927
11000580	A	A01	A01K	A01K/29	A01K/840
11000580	G	G02	G02A	G02A/82	G02A/752
11000581	Y	Y02	Y02A	Y02A/78	Y02A/726
11000582	C	C12	C12N	C12N/50	C12N/212
11000582	E	E02	E02K	E02K/73	E02K/259
11000583	E	E02	E02C	E02C/28	E02C/791
11000584	E	E02	E02N	E02N/14	E02N/747
11000585	B	B60	B60A	B60A/98	B60A/440
11000585	C	C12	C12K	C12K/09	C12K/926
11000585	G	G01	G01D	G01D/75	G01D/401
11000586	A	A01	A01D	A01D/73	A01D/474
11000586	C	C12	C12A	C12A/97	C12A/484
11000587	A	A61	A61C	A61C/99	A61C/261
11000587	B	B60	B60B	B60B/98	B60B/438
11000587	D	D06	D06A	D06A/72	D06A/244
11000588	G	G06	G06K	G06K/27	G06K/665
11000588	A	A61	A61D	A61D/80	A61D/864
11000589	E	E04	E04A	E04A/98	E04A/785
11000589	H	H01	H01B	H01B/75	H01B/778
11000590	A	A23	A23C	A23C/60	A23C/478
11000590	E	E02	E02K	E02K/70	E02K/190
11000591	F	F02	F02B	F02B/07	F02B/239
11000591	B	B29	B29B	B29B/53	B29B/301
11000592	F	F16	F16D	F16D/35	F16D/794
11000593	B	B29	B29B	B29B/34	B29B/130
11000594	B	B33	B33K	B33K/10	B33K/350
11000594	H	H04	H04D	H04D/02	H04D/577
11000595	Y	Y02	Y02B	Y02B/96	Y02B/192
11000595	H	H02	H02A	H02A/18	H02A/535
11000596	H	H02	H02C	H02C/34	H02C/473
11000596	E	E04	E04N	E04N/30	E04N/784
11000597	H	H01	H01N	H01N/41	H01N/845
11000598	E	E02	E02A	E02A/31	E02A/650
11000598	D	D21	D21C	D21C/50	D21C/693
11000599	F	F03	F03B	F03B/22	F03B/594
11000599	E	E04	E04D	E04D/54	E04D/505
11000600	F	F16	F16K	F16K/82	F16K/969
11000601	H	H04	H04D	H04D/02	H04D/914
11000602	D	D21	D21B	D21B/80	D21B/103
11000603	E	E02	E02D	E02D/16	E02D/620
11000603	F	F16	F16B	F16B/85	F16B/808
11000604	E	E02	E02B	E02B/80	E02B/770
11000604	Y	Y02	Y02D	Y02D/03	Y02D/939
11000605	E	E04	E04B	E04B/69	E04B/563
11000606	E	E02	E02C	E02C/19	E02C/194
11000607	E	E02	E02B	E02B/29	E02B/560
11000607	A	A01	A01A	A01A/18	A01A/598
11000608	B	B33	B33K	B33K/31	B33K/328
11000608	E	E04	E04A	E04A/62	E04A/965
11000609	F	F03	F03B	F03B/72	F03B/246
11000610	G	G10	G10K	G10K/61	G10K/456
11000611	F	F16	F16K	F16K/42	F16K/656
11000612	F	F16	F16A	F16A/42	F16A/418
11000612	G	G02	G02A	G02A/23	G02A/478
11000612	C	C07	C07B	C07B/92	C07B/995
11000613	A	A61	A61A	A61A/99	A61A/949
11000614	C	C12	C12D	C12D/33	C12D/955
11000615	D	D06	D06A	D06A/67	D06A/844
11000615	B	B60	B60D	B60D/25	B60D/801
11000616	D	D06	D06B	D06B/61	D06B/928
11000616	C	C01	C01D	C01D/76	C01D/417
11000617	D	D06	D06K	D06K/04	D06K/769
11000618	A	A61	A61K	A61K/47	A61K/926
11000619	Y	Y02	Y02C	Y02C/77	Y02C/616
11000619	E	E02	E02C	E02C/47	E02C/183
11000620	C	C01	C01A	C01A/62	C01A/853
11000621	B	B29	B29K	B29K/61	B29K/370
11000622	G	G06	G06D	G06D/80	G06D/447
11000622	B	B29	B29B	B29B/08	B29B/522
11000622	F	F03	F03C	F03C/34	F03C/907
11000623	Y	Y02	Y02C	Y02C/84	Y02C/114
11000624	A	A01	A01C	A01C/64	A01C/933
11000625	C	C12	C12D	C12D/68	C12D/879
11000625	H	H04	H04C	H04C/77	H04C/731
11000626	A	A01	A01C	A01C/24	A01C/832
11000627	C	C12	C12D	C12D/09	C12D/493
11000628	G	G01	G01B	G01B/72	G01B/506
11000628	H	H02	H02D	H02D/33	H02D/179
11000629	G	G06	G06D	G06D/61	G06D/916
11000629	Y	Y10	Y10K	Y10K/15	Y10K/373
11000629	A	A23	A23B	A23B/37	A23B/210
11000630	C	C12	C12K	C12K/80	C12K/890
11000630	E	E04	E04K	E04K/58	E04K/694
11000631	Y	Y10	Y10D	Y10D/05	Y10D/551
11000631	A	A61	A61D	A61D/41	A61D/727
11000631	G	G10	G10N	G10N/16	G10N/961
11000632	E	E04	E04N	E04N/89	E04N/813
11000633	F	F02	F02C	F02C/52	F02C/520
11000634	B	B33	B33D	B33D/39	B33D/629
11000635	Y	Y02	Y02K	Y02K/27	Y02K/347
11000636	C	C01	C01N	C01N/80	C01N/454
11000637	F	F03	F03N	F03N/11	F03N/702
11000638	A	A61	A61D	A61D/31	A61D/559
11000639	G	G02	G02B	G02B/67	G02B/162
11000640	D	D21	D21B	D21B/69	D21B/730
11000641	B	B60	B60C	B60C/51	B60C/900
11000642	E	E04	E04C	E04C/28	E04C/860
11000643	F	F03	F03N	F03N/80	F03N/128
11000643	C	C12	C12B	C12B/18	C12B/345
11000644	H	H01	H01A	H01A/87	H01A/288
11000645	F	F16	F16C	F16C/82	F16C/279
11000646	E	E21	E21B	E21B/12	E21B/872
11000646	H	H01	H01K	H01K/91	H01K/567
11000647	H	H02	H02D	H02D/71	H02D/178
11000648	A	A23	A23C	A23C/08	A23C/132
11000649	F	F03	F03D	F03D/52	F03D/766
11000649	E	E21	E21K	E21K/65	E21K/426
11000650	Y	Y02	Y02C	Y02C/41	Y02C/380
11000651	A	A23	A23K	A23K/54	A23K/916
11000651	C	C01	C01C	C01C/92	C01C/730
11000651	H	H04	H04C	H04C/58	H04C/905
11000652	C	C12	C12A	C12A/01	C12A/146
11000653	D	D21	D21D	D21D/27	D21D/756
11000653	Y	Y02	Y02N	Y02N/65	Y02N/813
11000654	G	G01	G01B	G01B/21	G01B/196
11000654	C	C07	C07K	C07K/13	C07K/686
11000655	C	C12	C12C	C12C/72	C12C/686
11000655	F	F03	F03K	F03K/65	F03K/258
11000656	B	B60	B60A	B60A/03	B60A/264
11000656	A	A61	A61K	A61K/26	A61K/289
11000657	E	E02	E02N	E02N/32	E02N/395
11000657	D	D21	D21B	D21B/79	D21B/702
11000658	Y	Y10	Y10A	Y10A/65	Y10A/489
11000658	G	G01	G01N	G01N/82	G01N/103
11000658	H	H04	H04C	H04C/16	H04C/278
11000659	E	E02	E02N	E02N/26	E02N/159
11000659	G	G02	G02D	G02D/76	G02D/756
11000660	F	F03	F03B	F03B/45	F03B/987
11000660	B	B60	B60C	B60C/80	B60C/379
11000660	Y	Y02	Y02A	Y02A/60	Y02A/333
11000661	A	A01	A01N	A01N/34	A01N/469
11000661	H	H01	H01D	H01D/29	H01D/210
11000662	G	G06	G06D	G06D/32	G06D/509
11000663	A	A01	A01K	A01K/77	A01K/810
11000663	Y	Y10	Y10K	Y10K/70	Y10K/998
11000664	H	H04	H04A	H04A/15	H04A/136
11000665	C	C12	C12N	C12N/41	C12N/325
11000666	F	F16	F16A	F16A/95	F16A/683
11000667	G	G01	G01B	G01B/08	G01B/867
11000668	B	B29	B29K	B29K/06	B29K/478
11000669	E	E21	E21D	E21D/05	E21D/406
11000670	B	B29	B29A	B29A/69	B29A/208
11000670	H	H04	H04A	H04A/50	H04A/927
11000671	A	A23	A23B	A23B/55	A23B/222
11000672	G	G06	G06K	G06K/12	G06K/452
11000673	D	D21	D21B	D21B/97	D21B/162
11000673	H	H04	H04A	H04A/17	H04A/565
11000673	C	C12	C12N	C12N/87	C12N/451
11000674	Y	Y10	Y10C	Y10C/42	Y10C/780
11000674	E	E02	E02C	E02C/66	E02C/144
11000675	Y	Y10	Y10C	Y10C/54	Y10C/798
11000676	B	B29	B29C	B29C/77	B29C/935
11000677	B	B60	B60C	B60C/39	B60C/728
11000678	B	B60	B60D	B60D/81	B60D/419
11000679	H	H01	H01A	H01A/72	H01A/755
11000679	D	D21	D21A	D21A/24	D21A/364
11000679	F	F02	F02K	F02K/59	F02K/256
11000680	E	E02	E02D	E02D/38	E02D/891
11000680	H	H04	H04N	H04N/99	H04N/943
11000681	H	H04	H04B	H04B/72	H04B/273
11000682	H	H01	H01N	H01N/90	H01N/717
11000682	A	A61	A61A	A61A/98	A61A/661
11000682	C	C12	C12B	C12B/54	C12B/640
11000683	B	B60	B60C	B60C/43	B60C/874
11000683	C	C01	C01K	C01K/77	C01K/223
11000684	F	F03	F03A	F03A/25	F03A/430
11000685	H	H01	H01K	H01K/31	H01K/761
11000686	E	E04	E04B	E04B/56	E04B/888
11000686	B	B29	B29K	B29K/37	B29K/573
11000686	Y	Y10	Y10K	Y10K/93	Y10K/778
11000687	E	E02	E02A	E02A/99	E02A/558
11000688	C	C12	C12C	C12C/88	C12C/591
11000689	Y	Y10	Y10A	Y10A/38	Y10A/103
11000690	G	G01	G01C	G01C/73	G01C/784
11000691	H	H01	H01A	H01A/87	H01A/909
11000692	E	E04	E04B	E04B/01	E04B/743
11000692	D	D06	D06A	D06A/89	D06A/574
11000693	C	C01	C01K	C01K/74	C01K/314
11000693	D	D21	D21A	D21A/44	D21A/132
11000693	G	G06	G06C	G06C/42	G06C/109
11000694	E	E21	E21N	E21N/60	E21N/636
11000694	D	D06	D06B	D06B/12	D06B/988
11000695	F	F03	F03D	F03D/63	F03D/474
11000696	E	E21	E21B	E21B/83	E21B/259
11000697	C	C12	C12K	C12K/63	C12K/746
11000697	B	B60	B60A	B60A/90	B60A/770
11000698	F	F16	F16D	F16D/57	F16D/924
11000698	H	H01	H01A	H01A/53	H01A/138
11000699	F	F03	F03C	F03C/53	F03C/104
11000700	D	D21	D21D	D21D/60	D21D/442
11000700	C	C12	C12N	C12N/52	C12N/543
11000701	G	G10	G10C	G10C/48	G10C/711
11000701	E	E21	E21N	E21N/84	E21N/907
11000701	B	B29	B29K	B29K/45	B29K/309
11000702	E	E21	E21A	E21A/77	E21A/145
11000702	H	H01	H01B	H01B/70	H01B/350
11000703	A	A23	A23B	A23B/44	A23B/229
11000704	D	D06	D06D	D06D/35	D06D/171
11000705	D	D06	D06A	D06A/61	D06A/747
11000705	H	H01	H01A	H01A/41	H01A/375
11000706	A	A23	A23C	A23C/94	A23C/275
11000706	D	D06	D06N	D06N/37	D06N/410
11000707	Y	Y02	Y02D	Y02D/12	Y02D/378
11000708	D	D06	D06C	D06C/14	D06C/648
11000708	G	G10	G10A	G10A/75	G10A/429
11000709	F	F16	F16B	F16B/45	F16B/573
11000709	Y	Y02	Y02C	Y02C/69	Y02C/238
11000710	Y	Y02	Y02A	Y02A/10	Y02A/766
11000711	Y	Y10	Y10A	Y10A/40	Y10A/212
11000712	B	B33	B33N	B33N/10	B33N/533
11000712	Y	Y02	Y02N	Y02N/20	Y02N/870
11000713	B	B33	B33D	B33D/57	B33D/771
11000714	F	F16	F16D	F16D/48	F16D/222
11000714	Y	Y10	Y10A	Y10A/54	Y10A/897
11000715	G	G01	G01N	G01N/99	G01N/877
11000716	D	D06	D06A	D06A/30	D06A/746
11000717	H	H01	H01K	H01K/89	H01K/502
11000718	H	H01	H01D	H01D/05	H01D/222
11000719	H	H04	H04B	H04B/36	H04B/218
11000720	B	B29	B29A	B29A/39	B29A/104
11000720	G	G02	G02C	G02C/67	G02C/982
11000720	F	F03	F03N	F03N/84	F03N/848
11000721	A	A23	A23D	A23D/88	A23D/274
11000722	H	H01	H01K	H01K/47	H01K/121
11000722	G	G06	G06N	G06N/92	G06N/967
11000723	E	E02	E02C	E02C/09	E02C/511
11000723	C	C07	C07A	C07A/98	C07A/396
11000723	Y	Y10	Y10B	Y10B/28	Y10B/772
11000724	B	B60	B60B	B60B/65	B60B/337
11000725	H	H01	H01C	H01C/23	H01C/782
11000725	C	C01	C01C	C01C/47	C01C/124
11000726	D	D21	D21C	D21C/80	D21C/520
11000727	A	A01	A01B	A01B/14	A01B/452
11000727	E	E02	E02C	E02C/89	E02C/780
11000728	D	D21	D21K	D21K/44	D21K/857
11000728	B	B29	B29C	B29C/54	B29C/354
11000729	Y	Y02	Y02C	Y02C/65	Y02C/191
11000729	A	A01	A01B	A01B/21	A01B/388
11000730	C	C12	C12N	C12N/48	C12N/329
11000730	F	F03	F03N	F03N/26	F03N/172
11000730	H	H04	H04D	H04D/82	H04D/665
11000731	Y	Y02	Y02A	Y02A/25	Y02A/413
11000732	H	H04	H04B	H04B/03	H04B/589
11000733	A	A61	A61B	A61B/25	A61B/285
11000734	D	D06	D06N	D06N/94	D06N/928
11000734	H	H02	H02A	H02A/78	H02A/730
11000735	H	H04	H04B	H04B/27	H04B/138
11000736	H	H04	H04B	H04B/64	H04B/335
11000736	A	A01	A01C	A01C/89	A01C/108
11000737	B	B29	B29D	B29D/95	B29D/396
11000737	E	E02	E02A	E02A/34	E02A/303
11000738	H	H02	H02D	H02D/42	H02D/114
11000739	G	G10	G10D	G10D/47	G10D/786
11000739	F	F03	F03D	F03D/88	F03D/447
11000739	E	E02	E02A	E02A/59	E02A/848
11000740	E	E04	E04B	E04B/88	E04B/474
11000740	C	C12	C12D	C12D/39	C12D/748
11000741	D	D06	D06A	D06A/92	D06A/631
11000742	E	E02	E02C	E02C/05	E02C/808
11000743	A	A23	A23D	A23D/84	A23D/215
11000744	Y	Y02	Y02A	Y02A/70	Y02A/964
11000744	G	G10	G10N	G10N/85	G10N/207
11000744	B	B33	B33C	B33C/60	B33C/842
11000745	E	E04	E04D	E04D/75	E04D/711
11000746	A	A23	A23D	A23D/19	A23D/147
11000747	H	H04	H04B	H04B/20	H04B/885
11000747	D	D21	D21N	D21N/34	D21N/977
11000748	A	A61	A61A	A61A/99	A61A/408
11000749	E	E02	E02N	E02N/45	E02N/577
11000749	G	G02	G02K	G02K/61	G02K/272
11000750	A	A23	A23D	A23D/33	A23D/971
11000751	D	D21	D21K	D21K/82	D21K/192
11000752	E	E04	E04C	E04C/65	E04C/766
11000753	D	D21	D21K	D21K/76	D21K/470
11000753	B	B33	B33A	B33A/87	B33A/725
11000753	E	E02	E02K	E02K/48	E02K/697
11000754	H	H02	H02N	H02N/67	H02N/318
11000755	B	B29	B29D	B29D/05	B29D/335
11000756	H	H02	H02A	H02A/63	H02A/325
11000756	B	B33	B33K	B33K/21	B33K/357
11000757	E	E21	E21C	E21C/19	E21C/369
11000758	E	E04	E04A	E04A/39	E04A/312
11000758	F	F02	F02D	F02D/84	F02D/738
11000759	Y	Y02	Y02C	Y02C/68	Y02C/643
11000759	D	D06	D06K	D06K/30	D06K/336
11000760	E	E02	E02A	E02A/65	E02A/608
11000761	H	H04	H04B	H04B/62	H04B/537
11000762	B	B29	B29B	B29B/61	B29B/248
11000762	Y	Y02	Y02B	Y02B/71	Y02B/802
11000763	A	A23	A23D	A23D/93	A23D/831
11000763	B	B60	B60N	B60N/84	B60N/575
11000763	H	H04	H04B	H04B/45	H04B/214
11000764	F	F02	F02A	F02A/56	F02A/820
11000764	D	D21	D21K	D21K/50	D21K/698
11000765	C	C01	C01K	C01K/60	C01K/500
11000766	Y	Y10	Y10B	Y10B/35	Y10B/294
11000767	B	B60	B60A	B60A/66	B60A/497
11000767	G	G01	G01C	G01C/05	G01C/246
11000768	A	A61	A61A	A61A/55	A61A/220
11000768	G	G06	G06K	G06K/22	G06K/491
11000769	G	G10	G10D	G10D/53	G10D/943
11000770	C	C12	C12N	C12N/98	C12N/364
11000770	E	E02	E02B	E02B/12	E02B/513
11000771	B	B60	B60B	B60B/06	B60B/896
11000772	Y	Y10	Y10B	Y10B/48	Y10B/141
11000772	F	F16	F16B	F16B/22	F16B/149
11000772	C	C12	C12N	C12N/85	C12N/554
11000773	F	F16	F16C	F16C/82	F16C/663
11000774	H	H02	H02N	H02N/79	H02N/598
11000774	G	G02	G02K	G02K/47	G02K/138
11000775	Y	Y02	Y02N	Y02N/34	Y02N/141
11000775	G	G01	G01C	G01C/29	G01C/657
11000776	E	E21	E21K	E21K/14	E21K/773
11000776	D	D06	D06N	D06N/50	D06N/562
11000777	A	A23	A23A	A23A/94	A23A/602
11000777	B	B29	B29D	B29D/99	B29D/977
11000777	C	C01	C01A	C01A/07	C01A/749
11000778	F	F16	F16A	F16A/35	F16A/214
11000778	B	B29	B29N	B29N/34	B29N/241
11000779	H	H04	H04K	H04K/94	H04K/858
11000780	E	E21	E21C	E21C/15	E21C/435
11000781	E	E04	E04D	E04D/10	E04D/853
11000782	Y	Y02	Y02N	Y02N/92	Y02N/285
11000782	E	E04	E04B	E04B/79	E04B/477
11000782	B	B60	B60D	B60D/78	B60D/661
11000783	E	E02	E02A	E02A/63	E02A/531
11000784	H	H01	H01A	H01A/44	H01A/252
11000784	F	F03	F03C	F03C/56	F03C/591
11000784	E	E21	E21D	E21D/04	E21D/524
11000785	C	C07	C07K	C07K/83	C07K/725
11000785	E	E04	E04C	E04C/79	E04C/612
11000786	H	H01	H01C	H01C/17	H01C/164
11000786	Y	Y10	Y10C	Y10C/30	Y10C/489
11000786	A	A23	A23N	A23N/31	A23N/328
11000787	F	F02	F02B	F02B/48	F02B/762
11000788	H	H04	H04B	H04B/69	H04B/400
11000789	F	F16	F16C	F16C/22	F16C/369
11000789	C	C12	C12K	C12K/24	C12K/620
11000790	D	D21	D21A	D21A/46	D21A/440
11000790	C	C01	C01C	C01C/62	C01C/703
11000790	B	B60	B60N	B60N/14	B60N/421
11000791	D	D06	D06K	D06K/30	D06K/365
11000792	G	G10	G10B	G10B/33	G10B/803
11000792	F	F03	F03D	F03D/09	F03D/922
11000793	E	E04	E04A	E04A/19	E04A/151
11000794	F	F03	F03C	F03C/60	F03C/796
11000795	G	G02	G02C	G02C/59	G02C/991
11000795	H	H04	H04A	H04A/12	H04A/947
11000795	Y	Y10	Y10A	Y10A/17	Y10A/439
11000796	Y	Y10	Y10D	Y10D/57	Y10D/186
11000796	E	E04	E04C	E04C/83	E04C/821
11000796	D	D06	D06A	D06A/36	D06A/910
11000797	H	H02	H02A	H02A/04	H02A/929
11000798	D	D06	D06N	D06N/16	D06N/334
11000799	G	G06	G06D	G06D/79	G06D/614
11000799	Y	Y10	Y10D	Y10D/94	Y10D/832
11000799	C	C01	C01A	C01A/16	C01A/929
11000800	H	H01	H01K	H01K/55	H01K/105
11000800	D	D06	D06N	D06N/70	D06N/353
11000801	H	H01	H01D	H01D/15	H01D/887
11000802	A	A23	A23K	A23K/56	A23K/381
11000803	G	G01	G01K	G01K/28	G01K/573
11000804	B	B33	B33B	B33B/14	B33B/823
11000805	A	A61	A61N	A61N/17	A61N/785
11000806	B	B33	B33C	B33C/28	B33C/869
11000806	A	A23	A23B	A23B/37	A23B/969
11000806	G	G10	G10N	G10N/60	G10N/913
11000807	H	H02	H02K	H02K/97	H02K/579
11000807	C	C12	C12B	C12B/53	C12B/929
11000808	F	F16	F16K	F16K/32	F16K/891
11000808	C	C01	C01D	C01D/74	C01D/267
11000809	F	F03	F03D	F03D/81	F03D/423
11000809	A	A01	A01D	A01D/43	A01D/325
11000809	H	H01	H01D	H01D/12	H01D/489
11000810	F	F03	F03A	F03A/07	F03A/794
11000810	E	E04	E04A	E04A/94	E04A/107
11000810	A	A61	A61C	A61C/36	A61C/472
11000811	D	D06	D06C	D06C/11	D06C/711
11000811	E	E02	E02N	E02N/06	E02N/341
11000812	H	H01	H01D	H01D/36	H01D/791
11000812	Y	Y02	Y02D	Y02D/34	Y02D/506
11000813	G	G02	G02B	G02B/46	G02B/960
11000813	F	F02	F02C	F02C/43	F02C/435
11000814	E	E04	E04A	E04A/62	E04A/488
11000814	A	A01	A01D	A01D/29	A01D/459
11000814	H	H02	H02N	H02N/21	H02N/442
11000815	H	H04	H04A	H04A/18	H04A/469
11000815	C	C12	C12K	C12K/84	C12K/466
11000815	E	E21	E21K	E21K/02	E21K/116
11000816	C	C07	C07N	C07N/58	C07N/144
11000817	E	E21	E21B	E21B/99	E21B/608
11000818	G	G06	G06B	G06B/01	G06B/278
11000818	D	D21	D21N	D21N/50	D21N/280
11000819	Y	Y10	Y10N	Y10N/03	Y10N/457
11000820	C	C12	C12D	C12D/95	C12D/608
11000820	H	H01	H01C	H01C/02	H01C/526
11000820	D	D06	D06A	D06A/06	D06A/327
11000821	C	C07	C07A	C07A/43	C07A/486
11000821	D	D21	D21B	D21B/35	D21B/690
11000822	H	H01	H01C	H01C/89	H01C/985
11000823	B	B29	B29C	B29C/13	B29C/362
11000823	A	A01	A01B	A01B/73	A01B/612
11000823	D	D06	D06A	D06A/99	D06A/646
11000824	C	C12	C12C	C12C/83	C12C/403
11000825	E	E02	E02D	E02D/14	E02D/853
11000825	Y	Y02	Y02K	Y02K/72	Y02K/503
11000826	E	E02	E02C	E02C/37	E02C/386
11000827	H	H04	H04B	H04B/83	H04B/101
11000827	C	C01	C01A	C01A/41	C01A/964
11000828	A	A23	A23B	A23B/32	A23B/550
11000828	Y	Y10	Y10C	Y10C/20	Y10C/450
11000828	B	B60	B60D	B60D/62	B60D/925
11000829	A	A23	A23C	A23C/91	A23C/111
11000830	B	B33	B33B	B33B/76	B33B/299
11000830	F	F16	F16K	F16K/08	F16K/155
11000830	H	H02	H02C	H02C/35	H02C/291
11000831	F	F03	F03D	F03D/35	F03D/678
11000832	B	B33	B33K	B33K/82	B33K/112
11000833	E	E04	E04D	E04D/98	E04D/917
11000833	C	C07	C07D	C07D/65	C07D/726
11000834	G	G01	G01A	G01A/80	G01A/698
11000835	G	G06	G06N	G06N/76	G06N/288
11000835	E	E02	E02D	E02D/39	E02D/108
11000836	C	C07	C07N	C07N/39	C07N/238
11000836	H	H04	H04C	H04C/18	H04C/876
11000837	A	A23	A23A	A23A/46	A23A/399
11000838	G	G06	G06N	G06N/64	G06N/886
11000839	G	G02	G02C	G02C/47	G02C/993
11000840	F	F02	F02N	F02N/55	F02N/522
11000840	A	A01	A01N	A01N/46	A01N/935
11000841	Y	Y02	Y02D	Y02D/16	Y02D/234
11000842	E	E21	E21N	E21N/36	E21N/148
11000843	H	H02	H02B	H02B/92	H02B/440
11000843	A	A61	A61N	A61N/59	A61N/253
11000843	E	E02	E02D	E02D/86	E02D/396
11000844	A	A01	A01D	A01D/53	A01D/816
11000844	E	E04	E04B	E04B/89	E04B/323
11000845	H	H04	H04D	H04D/86	H04D/113
11000845	F	F02	F02C	F02C/48	F02C/394
11000846	C	C12	C12K	C12K/90	C12K/615
11000846	H	H02	H02D	H02D/40	H02D/687
11000847	H	H02	H02A	H02A/76	H02A/442
11000848	E	E02	E02K	E02K/48	E02K/676
11000849	E	E04	E04B	E04B/28	E04B/362
11000850	A	A01	A01N	A01N/27	A01N/201
11000851	A	A01	A01A	A01A/15	A01A/157
11000852	A	A01	A01C	A01C/46	A01C/460
11000852	H	H04	H04C	H04C/55	H04C/707
11000852	G	G01	G01K	G01K/38	G01K/258
11000853	H	H02	H02B	H02B/51	H02B/735
11000853	A	A23	A23B	A23B/53	A23B/694
11000853	B	B29	B29A	B29A/25	B29A/168
11000854	B	B60	B60D	B60D/93	B60D/757
11000855	H	H02	H02B	H02B/32	H02B/180
11000856	A	A23	A23B	A23B/84	A23B/159
11000857	H	H02	H02K	H02K/29	H02K/511
11000857	B	B33	B33C	B33C/01	B33C/707
11000857	E	E04	E04B	E04B/50	E04B/634
11000858	F	F03	F03N	F03N/40	F03N/853
11000859	A	A23	A23D	A23D/83	A23D/847
11000860	F	F02	F02B	F02B/93	F02B/140
11000860	G	G01	G01N	G01N/45	G01N/145
11000860	Y	Y02	Y02A	Y02A/13	Y02A/572
11000861	H	H02	H02B	H02B/61	H02B/535
11000862	C	C07	C07C	C07C/96	C07C/257
11000862	E	E21	E21N	E21N/73	E21N/565
11000863	F	F03	F03B	F03B/01	F03B/491
11000863	H	H04	H04A	H04A/24	H04A/443
11000864	H	H01	H01C	H01C/15	H01C/535
11000864	Y	Y10	Y10C	Y10C/08	Y10C/607
11000865	Y	Y02	Y02D	Y02D/35	Y02D/629
11000866	D	D06	D06B	D06B/84	D06B/457
11000866	A	A23	A23B	A23B/61	A23B/929
11000867	D	D21	D21C	D21C/53	D21C/387
11000868	H	H02	H02B	H02B/44	H02B/800
11000868	D	D21	D21C	D21C/89	D21C/748
11000869	E	E02	E02C	E02C/79	E02C/547
11000870	C	C12	C12K	C12K/42	C12K/775
11000870	G	G01	G01C	G01C/50	G01C/282
11000870	D	D21	D21K	D21K/37	D21K/757
11000871	C	C01	C01C	C01C/15	C01C/330
11000871	Y	Y10	Y10A	Y10A/54	Y10A/447
11000872	A	A61	A61K	A61K/91	A61K/869
11000872	B	B60	B60C	B60C/20	B60C/579
11000872	E	E21	E21B	E21B/47	E21B/729
11000873	H	H04	H04K	H04K/77	H04K/446
11000874	H	H04	H04C	H04C/61	H04C/770
11000875	Y	Y02	Y02D	Y02D/54	Y02D/476
11000875	B	B60	B60K	B60K/73	B60K/973
11000876	D	D06	D06N	D06N/80	D06N/527
11000876	A	A01	A01D	A01D/72	A01D/155
11000877	E	E02	E02A	E02A/81	E02A/474
11000877	C	C07	C07N	C07N/90	C07N/985
11000878	H	H01	H01A	H01A/22	H01A/839
11000878	A	A23	A23K	A23K/53	A23K/214
11000879	Y	Y10	Y10N	Y10N/73	Y10N/793
11000880	G	G06	G06A	G06A/71	G06A/925
11000880	Y	Y02	Y02C	Y02C/69	Y02C/705
11000880	E	E02	E02C	E02C/29	E02C/383
11000881	B	B29	B29D	B29D/56	B29D/533
11000882	F	F03	F03B	F03B/07	F03B/706
11000882	Y	Y10	Y10B	Y10B/78	Y10B/948
11000883	H	H01	H01D	H01D/44	H01D/501
11000883	Y	Y10	Y10C	Y10C/69	Y10C/282
11000884	A	A61	A61K	A61K/12	A61K/660
11000884	D	D06	D06C	D06C/87	D06C/669
11000885	C	C12	C12C	C12C/73	C12C/936
11000885	A	A61	A61B	A61B/99	A61B/902
11000886	C	C01	C01A	C01A/32	C01A/354
11000887	B	B33	B33K	B33K/50	B33K/367
11000887	A	A61	A61C	A61C/69	A61C/689
11000888	H	H02	H02A	H02A/02	H02A/893
11000889	F	F03	F03C	F03C/82	F03C/322
11000890	H	H02	H02C	H02C/61	H02C/248
11000890	E	E04	E04N	E04N/24	E04N/564
11000891	A	A23	A23K	A23K/24	A23K/524
11000892	Y	Y10	Y10C	Y10C/95	Y10C/895
11000893	H	H02	H02A	H02A/19	H02A/924
11000893	A	A23	A23C	A23C/45	A23C/538
11000894	E	E21	E21K	E21K/57	E21K/851
11000895	Y	Y10	Y10D	Y10D/76	Y10D/313
11000896	G	G10	G10C	G10C/81	G10C/614
11000896	E	E21	E21K	E21K/21	E21K/246
11000896	F	F03	F03C	F03C/35	F03C/210
11000897	B	B60	B60B	B60B/47	B60B/358
11000898	A	A01	A01C	A01C/08	A01C/147
11000898	C	C12	C12K	C12K/01	C12K/660
11000898	D	D06	D06B	D06B/55	D06B/147
11000899	F	F02	F02C	F02C/75	F02C/242
11000899	E	E04	E04A	E04A/26	E04A/951
11000900	E	E04	E04A	E04A/84	E04A/182
11000901	H	H01	H01C	H01C/21	H01C/175
11000901	A	A01	A01A	A01A/18	A01A/545
11000902	C	C07	C07D	C07D/19	C07D/913
11000903	F	F03	F03C	F03C/82	F03C/722
11000904	A	A61	A61D	A61D/25	A61D/438
11000904	D	D21	D21C	D21C/91	D21C/625
11000905	C	C01	C01B	C01B/80	C01B/969
11000905	A	A01	A01A	A01A/69	A01A/453
11000905	E	E04	E04C	E04C/47	E04C/565
11000906	H	H01	H01A	H01A/34	H01A/451
11000907	D	D21	D21K	D21K/91	D21K/435
11000908	E	E21	E21N	E21N/63	E21N/274
11000908	G	G06	G06D	G06D/61	G06D/582
11000909	A	A61	A61K	A61K/83	A61K/404
11000910	A	A23	A23D	A23D/79	A23D/746
11000910	Y	Y02	Y02D	Y02D/53	Y02D/755
11000910	E	E02	E02K	E02K/29	E02K/198
11000911	F	F02	F02C	F02C/33	F02C/110
11000911	A	A23	A23B	A23B/61	A23B/575
11000912	H	H02	H02D	H02D/03	H02D/712
11000913	B	B33	B33D	B33D/56	B33D/538
11000914	F	F02	F02C	F02C/29	F02C/642
11000915	A	A61	A61D	A61D/46	A61D/184
11000915	F	F16	F16A	F16A/84	F16A/142
11000916	A	A61	A61C	A61C/73	A61C/861
11000916	B	B29	B29C	B29C/27	B29C/377
11000916	C	C01	C01A	C01A/39	C01A/135
11000917	Y	Y02	Y02A	Y02A/73	Y02A/188
11000917	A	A01	A01A	A01A/93	A01A/226
11000918	E	E21	E21D	E21D/58	E21D/432
11000918	B	B60	B60C	B60C/59	B60C/739
11000919	C	C12	C12B	C12B/89	C12B/709
11000919	G	G06	G06B	G06B/96	G06B/733
11000920	C	C12	C12N	C12N/25	C12N/659
11000920	B	B33	B33B	B33B/79	B33B/396
11000921	E	E02	E02N	E02N/69	E02N/112
11000922	C	C12	C12N	C12N/43	C12N/694
11000922	H	H04	H04K	H04K/99	H04K/559
11000923	E	E02	E02A	E02A/44	E02A/592
11000923	D	D21	D21D	D21D/01	D21D/101
11000923	H	H01	H01D	H01D/31	H01D/605
11000924	E	E02	E02K	E02K/61	E02K/769
11000925	B	B29	B29C	B29C/75	B29C/379
11000925	F	F16	F16A	F16A/41	F16A/246
11000926	D	D21	D21K	D21K/05	D21K/745
11000927	G	G06	G06A	G06A/64	G06A/718
11000927	H	H01	H01N	H01N/47	H01N/209
11000927	D	D21	D21C	D21C/20	D21C/271
11000928	Y	Y10	Y10K	Y10K/28	Y10K/434
11000928	E	E02	E02B	E02B/65	E02B/351
11000928	H	H01	H01C	H01C/90	H01C/630
11000929	A	A61	A61B	A61B/68	A61B/692
11000929	F	F03	F03D	F03D/57	F03D/383
11000930	F	F02	F02A	F02A/72	F02A/709
11000930	H	H02	H02D	H02D/26	H02D/344
11000930	G	G01	G01D	G01D/08	G01D/927
11000931	D	D21	D21A	D21A/05	D21A/538
11000932	H	H04	H04A	H04A/55	H04A/640
11000932	B	B33	B33B	B33B/65	B33B/188
11000932	Y	Y10	Y10N	Y10N/86	Y10N/600
11000933	G	G10	G10K	G10K/79	G10K/274
11000934	Y	Y02	Y02D	Y02D/34	Y02D/837
11000934	A	A61	A61A	A61A/08	A61A/586
11000934	E	E21	E21A	E21A/15	E21A/623
11000935	H	H04	H04C	H04C/45	H04C/190
11000935	E	E04	E04B	E04B/55	E04B/525
11000936	Y	Y10	Y10N	Y10N/17	Y10N/480
11000936	D	D21	D21N	D21N/26	D21N/405
11000936	C	C07	C07D	C07D/41	C07D/455
11000937	G	G02	G02D	G02D/68	G02D/444
11000938	B	B60	B60N	B60N/48	B60N/471
11000938	E	E21	E21D	E21D/58	E21D/267
11000939	E	E21	E21C	E21C/27	E21C/819
11000939	H	H04	H04B	H04B/50	H04B/778
11000940	Y	Y02	Y02K	Y02K/16	Y02K/938
11000940	E	E21	E21K	E21K/20	E21K/499
11000941	G	G10	G10B	G10B/46	G10B/413
11000941	H	H01	H01N	H01N/12	H01N/184
11000941	C	C07	C07D	C07D/73	C07D/527
11000942	F	F03	F03N	F03N/71	F03N/199
11000942	B	B60	B60A	B60A/30	B60A/700
11000943	A	A61	A61D	A61D/81	A61D/701
11000943	C	C12	C12D	C12D/58	C12D/749
11000944	D	D21	D21K	D21K/30	D21K/667
11000944	B	B60	B60D	B60D/78	B60D/130
11000945	H	H01	H01B	H01B/57	H01B/799
11000945	D	D06	D06A	D06A/81	D06A/741
11000946	H	H04	H04N	H04N/54	H04N/190
11000947	D	D06	D06B	D06B/18	D06B/828
11000947	A	A01	A01N	A01N/99	A01N/219
11000948	H	H01	H01N	H01N/15	H01N/477
11000948	A	A01	A01N	A01N/66	A01N/933
11000949	F	F02	F02K	F02K/74	F02K/491
11000950	H	H02	H02A	H02A/82	H02A/766
11000951	H	H04	H04C	H04C/12	H04C/495
11000952	A	A61	A61N	A61N/27	A61N/883
11000953	E	E21	E21A	E21A/30	E21A/560
11000953	D	D21	D21N	D21N/53	D21N/406
11000953	Y	Y10	Y10C	Y10C/77	Y10C/287
11000954	H	H01	H01K	H01K/86	H01K/257
11000954	A	A23	A23B	A23B/35	A23B/371
11000955	C	C07	C07D	C07D/79	C07D/967
11000955	H	H02	H02B	H02B/11	H02B/217
11000956	D	D21	D21C	D21C/55	D21C/411
11000956	B	B29	B29A	B29A/19	B29A/290
11000957	A	A01	A01D	A01D/29	A01D/727
11000957	G	G10	G10D	G10D/43	G10D/262
11000958	H	H02	H02K	H02K/09	H02K/562
11000959	B	B29	B29C	B29C/35	B29C/712
11000959	D	D21	D21C	D21C/80	D21C/139
11000960	E	E02	E02D	E02D/30	E02D/501
11000961	G	G10	G10N	G10N/51	G10N/459
11000961	H	H04	H04N	H04N/27	H04N/228
11000962	B	B60	B60D	B60D/44	B60D/222
11000962	C	C01	C01N	C01N/82	C01N/428
11000963	E	E02	E02D	E02D/08	E02D/226
11000963	H	H01	H01D	H01D/81	H01D/351
11000963	B	B29	B29B	B29B/04	B29B/393
11000964	H	H02	H02C	H02C/27	H02C/171
11000965	C	C01	C01N	C01N/59	C01N/983
11000966	G	G10	G10N	G10N/65	G10N/702
11000967	G	G06	G06B	G06B/73	G06B/456
11000967	E	E21	E21B	E21B/57	E21B/208
11000967	H	H02	H02C	H02C/45	H02C/129
11000968	F	F02	F02N	F02N/92	F02N/317
11000968	D	D21	D21D	D21D/65	D21D/410
11000968	H	H02	H02K	H02K/19	H02K/830
11000969	Y	Y10	Y10K	Y10K/45	Y10K/312
11000970	A	A23	A23C	A23C/11	A23C/401
11000971	E	E02	E02A	E02A/88	E02A/841
11000972	B	B60	B60D	B60D/69	B60D/265
11000973	B	B33	B33C	B33C/68	B33C/242
11000974	H	H01	H01C	H01C/44	H01C/593
11000975	C	C12	C12A	C12A/79	C12A/399
11000975	D	D06	D06C	D06C/42	D06C/951
11000975	B	B29	B29C	B29C/03	B29C/660
11000976	G	G06	G06K	G06K/04	G06K/979
11000977	E	E04	E04K	E04K/79	E04K/686
11000977	A	A23	A23A	A23A/21	A23A/529
11000977	Y	Y02	Y02B	Y02B/18	Y02B/523
11000978	C	C01	C01K	C01K/57	C01K/525
11000979	A	A61	A61K	A61K/68	A61K/749
11000980	B	B29	B29N	B29N/59	B29N/324
11000981	A	A61	A61D	A61D/42	A61D/965
11000981	Y	Y02	Y02N	Y02N/98	Y02N/917
11000982	G	G01	G01K	G01K/35	G01K/808
11000983	B	B29	B29D	B29D/26	B29D/380
11000984	A	A61	A61B	A61B/40	A61B/513
11000985	A	A01	A01D	A01D/95	A01D/644
11000986	E	E21	E21K	E21K/99	E21K/346
11000987	H	H01	H01C	H01C/12	H01C/158
11000987	D	D21	D21C	D21C/05	D21C/179
11000988	E	E21	E21K	E21K/22	E21K/111
11000988	C	C01	C01C	C01C/27	C01C/656
11000989	Y	Y02	Y02B	Y02B/95	Y02B/239
11000989	D	D06	D06C	D06C/03	D06C/149
11000990	Y	Y02	Y02A	Y02A/41	Y02A/989
11000991	C	C12	C12C	C12C/19	C12C/879
11000991	Y	Y10	Y10N	Y10N/86	Y10N/519
11000991	D	D06	D06C	D06C/50	D06C/361
11000992	C	C01	C01D	C01D/23	C01D/257
11000992	A	A23	A23B	A23B/45	A23B/430
11000993	E	E04	E04B	E04B/46	E04B/874
11000994	C	C07	C07A	C07A/56	C07A/216
11000994	D	D06	D06A	D06A/20	D06A/306
11000995	D	D06	D06N	D06N/76	D06N/898
11000996	H	H01	H01D	H01D/99	H01D/301
11000997	D	D21	D21D	D21D/53	D21D/909
11000998	A	A61	A61D	A61D/39	A61D/501
11000999	A	A01	A01D	A01D/17	A01D/207
